y_true,y_prob
0,0.0
0,0.0
0,0.10080016603247824
0,0.0
0,0.01824503395483524
0,0.12620380387949243
0,0.007684097819804697
0,0.09390893836530378
0,0.29890926840293525
0,0.034221180151950366
0,0.23690067145788093
0,0.14390551009610372
0,0.0
0,0.0
0,0.0
0,0.0
0,0.04645653808397787
0,0.15219660721227335
0,0.2482737625057084
0,0.10622626330876234
0,0.0
0,0.0
0,0.07058843631260069
0,0.0638655290542487
0,0.08743931303084365
0,0.3759360446554999
0,0.24608948192896082
1,0.17775913773749785
0,0.0
0,0.0
0,0.04577330896072467
0,0.0
0,0.1350696787477677
0,0.11353632738235567
0,0.0
0,0.23952250636441866
0,0.07534655007132904
0,0.0
0,0.05229857124825458
0,0.10218096838843571
0,0.20591885421536107
0,0.009378539531007556
0,0.1841907401170811
0,0.08807129801553235
0,0.0
0,0.0
0,0.2283839805224023
0,0.23939762675726536
0,0.10843638456070845
0,0.28435600817700424
0,0.218491477356241
1,0.16254430942195816
0,0.0
0,0.3197143126548515
0,0.14044521483124095
0,0.002124183808256755
0,0.0
0,0.09851756722707852
0,0.0
0,0.1649509913029294
0,0.0
0,0.115591216323643
0,0.0
0,0.020337193091294455
0,0.0
0,0.035815585322879775
0,0.3434069319026031
0,0.26775894405729606
1,0.1131718432493185
0,0.056205860165257145
0,0.18663017860393274
0,0.22949555911613348
0,0.0
0,0.04838416985516967
1,0.0
0,0.22846531653913424
0,0.36975363865512834
0,0.07201239369346282
0,0.0
0,0.15133357748655465
0,0.0
0,0.0
0,0.15398645846865056
0,0.09818311882690865
1,0.0
0,0.0
0,0.0788754082831249
0,0.0
0,0.0
0,0.01011552277824599
0,0.11093889348827762
0,0.033284479977055
0,0.0
0,0.2083596932063309
0,0.0
0,0.0
0,0.0
0,0.08222683168071222
0,0.1442492711704103
0,0.22901472123915528
0,0.0
0,0.14798735060002227
0,0.08937275818221917
0,0.0
0,0.34508103831511644
0,0.0
0,0.12292459084645724
0,0.11849399162966215
0,0.10134551734936156
0,0.0
0,0.18408789767107533
0,0.0
0,0.05012568169891156
0,0.0
0,0.0
0,0.12431216811803186
0,0.22162178140795247
0,0.008511635724470092
0,0.1771021634888666
0,0.06746109981668977
0,0.0
0,0.021307186013840428
0,0.015077116381257763
0,0.0
1,0.12427243929837506
0,0.09519692815571389
0,0.0
0,0.0
0,0.12370266798086316
0,0.0
0,0.1053061732650486
0,0.17713973671637823
0,0.0
0,0.0
0,0.31116475235929425
1,0.11273561744436886
0,0.0
0,0.0
0,0.0
0,0.0
0,0.19251182611358852
0,0.0
0,0.22403018823244006
0,0.0
0,0.0
0,0.0
0,0.0
0,0.04188471349889896
0,0.034482121330476206
1,0.18371141198219515
0,0.0
0,0.23427995412953215
0,0.1830898942496484
0,0.2478065345547994
0,0.052091793599379384
0,0.2120845251154133
0,0.0
0,0.16695713478067997
0,0.0
0,0.0
0,0.0
0,0.06082967079439058
0,0.0
1,0.11641102975436998
0,0.0
0,0.0
0,0.2658581151215364
0,0.19557001941021515
0,0.0
0,0.05955005347941907
0,0.21292605903019857
0,0.12288009124359081
0,0.08223346442752176
0,0.22427311219688956
0,0.0
1,0.06467676729969431
0,0.05732270425614125
0,0.019085692849343618
0,0.0015291732868871893
0,0.0709302356742736
0,0.06516112439782913
0,0.0
0,0.18026938648506713
0,0.0
0,0.027264983317923916
0,0.015707929091992277
0,0.11371554189888237
0,0.0
0,0.1936364722394187
0,0.0
0,0.24299449421655814
0,0.0
0,0.05267346213989842
0,0.34706790601026355
0,0.01839926868094973
0,0.2458274827010188
0,0.06585676283468402
0,0.12231282454402342
0,0.07049378841170617
0,0.1871777439450186
0,0.0
0,0.0
0,0.0
0,0.07495655644861365
1,0.02687718216745058
0,0.16654123147067645
0,0.255709754973228
0,0.0
0,0.0
0,0.0
0,0.3645559486138656
0,0.10570042486827402
0,0.13197034800773666
0,0.0
0,0.059824501648968804
0,0.13638719766196278
0,0.02208634641983625
0,0.22135584372395917
0,0.40677466884642444
0,0.0
0,0.0
0,0.0
0,0.3009298740024736
0,0.21635329755445265
0,0.03967082733095273
0,0.06548394966013114
1,0.0
0,0.1935040736614776
0,0.0030147263837169425
0,0.020988519081750104
0,0.1513184657293885
0,0.03180075928751682
0,0.02475510097532304
0,0.06158628082936126
0,0.1793033120689615
0,0.30697396132257493
0,0.14782293483691228
0,0.18049713354364005
1,0.03002189068483134
0,0.0
0,0.15809793483526724
0,0.0856861236900857
0,0.0
0,0.010789556486160291
0,0.04756544647776696
0,0.0
0,0.2822603391813191
0,0.1319758555353325
0,0.26597623768329715
0,0.09951378924782393
0,0.07220817546376165
0,0.0
0,0.06178942997948501
0,0.061958088851316026
0,0.0
0,0.0
0,0.011507610222545643
0,0.12202193160835821
0,0.1292025167978559
0,0.0
0,0.13033044038128272
0,0.03268816059772245
0,0.0
0,0.0
0,0.22184829602135678
0,0.0
0,0.07690368006233103
0,0.29778918212779304
0,0.0
1,0.060322362064152875
1,0.0
0,0.3040846712495358
1,0.047500105950507854
0,0.06699402641910272
0,0.26314506982584335
0,0.15922175919682216
0,0.0
0,0.0
0,0.1342396956784948
0,0.0
1,0.0
0,0.05201388020413833
0,0.0
0,0.3024422630345589
0,0.0865181456644729
0,0.0
1,0.0
0,0.0
0,0.0
0,0.21244848038110486
0,0.3947679218238587
1,0.16895947697984376
0,0.04619361920684562
0,0.0
0,0.0
0,0.3689648849009611
0,0.031687694720343766
0,0.37734447450937564
0,0.26902792644150914
0,0.0
0,0.0
0,0.0
0,0.04802304538413908
0,0.050952862032936974
0,0.5094358643097214
0,0.0
0,0.0943454903496585
0,0.15247616137017045
0,0.05976419932962057
0,0.0765270866672037
0,0.0
0,0.07597292919040226
0,0.13670984942615577
0,0.10914008764066929
0,0.1455301355868137
0,0.27189118509543475
0,0.20054498128715126
0,0.07069419202461555
0,0.0
0,0.0
0,0.0270553272123877
0,0.09785187470121709
0,0.0
0,0.0
0,0.0
0,0.0
0,0.024757394433814667
0,0.0
0,0.0
0,0.0009147190733546223
0,0.0
0,0.11696282827480453
0,0.17103345954085308
0,0.0
0,0.0
0,0.1406144655208616
0,0.0
0,0.0
0,0.23947477172794354
0,0.19262816080691805
0,0.15023250035158792
0,0.1988466932091139
0,0.0
0,0.2630753320189661
0,0.11880931748756132
0,0.21161720760086022
0,0.1180742668674544
0,0.06733872370202343
0,0.01870361814569181
0,0.1150716565329308
0,0.013237813664317179
0,0.19018141500976685
0,0.0
0,0.0
0,0.36672348727149695
0,0.0
0,0.024197441540478294
0,0.0
0,0.11037685093287358
0,0.0
0,0.032158359778942484
0,0.18732998040526058
0,0.0
0,0.17829166788978312
0,0.18333439733405346
0,0.21824341420789406
0,0.08108114923770604
0,0.5461888615465178
0,0.21818005448131228
0,0.10873164366102397
0,0.0
0,0.045441131118878854
0,0.27394904653500507
0,0.3164301923439403
0,0.2817493650660344
0,0.17777884600944294
0,0.0
0,0.13307427267385052
0,0.0
0,0.0
0,0.09587380268658578
0,0.13847991709046256
0,0.1955065647721207
0,0.13457043605791408
0,0.13973789786141222
0,0.0
0,0.04425349729730005
0,0.0
0,0.0
0,0.17109640647646113
0,0.0
0,0.19087477532145802
0,0.2262521366820058
0,0.0
1,0.14854666418329487
0,0.0
0,0.0
0,0.07849641066636875
0,0.0
0,0.0
0,0.3563014676768288
0,0.0
0,0.11743067030572066
0,0.0
0,0.19623921139009864
0,0.10476468542625986
0,0.11690165237709203
0,0.0
0,0.0
0,0.1990875761018829
0,0.3256196582591344
0,0.13204617258362805
0,0.0
0,0.11084077836931022
1,0.4241208066506414
0,0.07536342160783675
0,0.2792761289090399
0,0.0
0,0.053687092254541983
0,0.1529347809188314
0,0.11959924623942961
1,0.0
1,0.0
1,0.20824266046539877
0,0.23873262189752176
0,0.286821533718288
0,0.33058957248793014
0,0.08019291544838947
1,0.01332011336526099
0,0.2626486408167703
0,0.166960392277738
0,0.0
0,0.0
0,0.13378953020344636
1,0.033408800777400056
0,0.056035506788895365
0,0.2208800047065292
0,0.17385557174775534
0,0.25948098726276475
0,0.0
0,0.09800968758318013
0,0.164203278359581
0,0.0
0,0.0
0,0.0
0,0.06325472565898743
0,0.30417809530410955
0,0.3633884106997351
1,0.0
0,0.13898358757403612
1,0.14381967782134725
0,0.11814386572721217
0,0.1198469452108851
0,0.1055613753676992
0,0.31313551812096296
0,0.22536997715520865
0,0.0
0,0.1793581621320824
0,0.1938560061767178
0,0.10724509307276833
0,0.2297136555754094
0,0.08821110514485557
0,0.09007015816143761
0,0.0781860817015565
0,0.0
0,0.0479402409141189
0,0.0
0,0.0
0,0.2751027427109284
0,0.13563112778016867
0,0.05552533785831783
0,0.0
0,0.10442543769431104
0,0.20871541399762697
0,0.0
0,0.059275744158508496
0,0.19020997482767588
0,0.0
0,0.05136453563918939
0,0.0
0,0.0399255213367449
0,0.0
0,0.08064369078109435
0,0.3485440830634077
1,0.011411628910717349
0,0.10375665136411599
0,0.3592119627613669
0,0.0
0,0.33220130233934536
0,0.06079845099406608
0,0.32728443387973893
0,0.17253016874194785
0,0.10606625438736325
0,0.05015539771701202
0,0.0
0,0.0713687324946529
0,0.1946042188530036
0,0.05803328535049941
0,0.012506579240721342
0,0.022382619873334064
0,0.20887149203745797
0,0.24377421826497836
0,0.0
0,0.0
0,0.11690383795006684
0,0.2891298097135882
0,0.231898546246884
0,0.0
0,0.02038860450122068
0,0.0
0,0.01987312171271126
0,0.3006614994053032
1,0.0
0,0.0
0,0.0
0,0.10309659038639891
0,0.15311322309611353
0,0.12561726522922997
1,0.23635281048465245
0,0.0
0,0.23825048075384056
0,0.013185701993056277
0,0.16972414647073014
0,0.0
0,0.06074350455136052
0,0.09544061558835204
0,0.23336265562476272
0,0.0
0,0.06461288228023562
0,0.0
0,0.13582440663124126
0,0.17658248046841893
0,0.25307553637621316
0,0.0
1,0.19908397285331855
0,0.2641352381215579
0,0.0
0,0.1518517380147676
0,0.2037766880670159
0,0.021191042041884392
0,0.0
0,0.20144336341644947
0,0.0
0,0.03324728482336464
0,0.053981391329500646
0,0.1673307077555999
0,0.0
0,0.0
0,0.07483732181446663
0,0.21095857164296236
0,0.40311750009797204
0,0.0
0,0.10730130266798671
0,0.0
1,0.21282168648101138
0,0.0
0,0.0
0,0.0
0,0.048570159192029415
0,0.10847963952880613
0,0.13255520904127704
0,0.05913486807258251
0,0.0
0,0.16916792254652838
0,0.052056200450545806
0,0.23426021850220483
0,0.0
1,0.0
0,0.05489609959753871
0,0.25439290324263975
0,0.08414132049240762
0,0.03004953012407152
0,0.0
0,0.32366497000212335
0,0.0
0,0.0
0,0.1455051294126034
0,0.0
0,0.251188599807201
0,0.15362896713260332
0,0.19488466077166644
0,0.1437175517924481
0,0.03583147238154449
0,0.0
0,0.038988683816255906
0,0.0
0,0.1329232965114575
0,0.18101697458221525
0,0.28152129467973114
1,0.11576514608292948
0,0.19868630348927793
0,0.01542828941547867
0,0.0
0,0.1310507836225202
1,0.002029069092463684
0,0.10037786832414866
0,0.0
0,0.0
0,0.1553113951527435
0,0.19300351131091442
0,0.0
0,0.1605921465759631
0,0.0
0,0.06247577643004649
0,0.272541662368597
0,0.18112308510344227
0,0.17938079820332892
0,0.346318553768545
0,0.0
0,0.0
0,0.0
0,0.02182484198900774
0,0.0
0,0.028885764495478444
0,0.0
0,0.17756396510966982
0,0.112862906851506
0,0.0
0,0.14849412680443558
1,0.16848945897356543
0,0.0
0,0.0
0,0.0
0,0.0
0,0.0
0,0.07112492649090327
0,0.0
0,0.0
0,0.0
0,0.0856670847796906
0,0.12385718918773614
0,0.12035480226297335
1,0.0618541697857889
0,0.0
1,0.0
0,0.0
0,0.0
0,0.07124718269847545
0,0.2738312058556528
0,0.18181443190268995
0,0.0
0,0.16176043129449502
1,0.15604535514986043
0,0.0
0,0.18732988839531584
0,0.0359435046082105
1,0.0
0,0.12828040869557128
0,0.09254427354217865
1,0.02584835562212584
0,0.054382037252505074
0,0.0
0,0.1515195755695664
0,0.0534824048236611
0,0.08496732659223419
0,0.11357128866433086
0,0.0
0,0.0
0,0.0
0,0.14471133877356107
0,0.0
0,0.07988545648434785
0,0.11564823374093292
0,0.15035292583387805
0,0.0
0,0.05022575727889634
0,0.31054206311816235
0,0.31714720199764745
0,0.20809846410404262
0,0.11062397082282593
0,0.0
0,0.16779324380865795
0,0.03629681568797387
0,0.14407924129092664
0,0.0
0,0.03406003307401066
0,0.08462210401146371
0,0.09694171372407875
0,0.13405840716903722
0,0.0
0,0.0
0,0.3037177559849692
1,0.4333881253535037
0,0.1271131066803568
0,0.0
0,0.0
0,0.13636763535764534
0,0.2611673417521929
0,0.0
0,0.041350076872664815
0,0.08938980966659535
0,0.18968676769288118
0,0.0084598358399431
0,0.0
0,0.15317963391793535
0,0.2287193947756857
0,0.047611280738225896
0,0.12078601369596467
0,0.0
0,0.0
0,0.2139638520820828
0,0.11812437717216914
0,0.13355528991028237
0,0.28531727219919195
0,0.0
0,0.0
0,0.08369000232520432
0,0.0
0,0.1774704802908675
0,0.03189011686440239
0,0.0
0,0.06986575127814923
0,0.08555081562101818
0,0.20020230943444955
0,0.11897113547211365
0,0.12917195870397535
0,0.10804375260108372
0,0.031766621806210434
0,0.0
0,0.1033257527489064
0,0.010031285117453902
0,0.3134733930661523
1,0.2613273442159828
0,0.15492586985274123
0,0.11677004089394782
1,0.04680614235282343
0,0.0
0,0.02757416650170516
0,0.0752100050107885
0,0.09441847116669934
0,0.1304304550523739
1,0.19819952968165275
0,0.0
0,0.0
0,0.2776285019614738
0,0.17564723837897228
0,0.001384358680001821
0,0.043918324657164484
0,0.04459290799876522
0,0.06473611834220745
1,0.13090246383579196
0,0.44024891191497467
0,0.08846348417439787
1,0.15938972256378758
0,0.0
0,0.0
0,0.24432225040749075
0,0.12034730870349238
0,0.0
0,0.1611034803474295
0,0.34772465919431533
0,0.0
0,0.2879081513468268
0,0.0
0,0.20069984175801198
0,0.05870270609816397
0,0.0
0,0.12692067408596797
1,0.23262596237280878
0,0.11458305057323596
0,0.14772414555894195
0,0.0
1,0.0
0,0.16377960335055963
0,0.32246308791694434
1,0.22943712813411885
0,0.0
1,0.0
0,0.0
0,0.0
0,0.06662848793340587
0,0.11901237077707842
0,0.0
0,0.17656926889132923
1,0.15016559160300208
0,0.0
0,0.03412170210240238
0,0.0
0,0.010160676556938884
0,0.06110774611954886
0,0.08531213928422843
0,0.11683153680302608
0,0.09663626148458583
0,0.02034844541014942
0,0.1029292413831475
0,0.21030479899653717
0,0.045675289003553346
0,0.1076392336247515
0,0.03207434060038224
0,0.0
0,0.13843195003764064
0,0.0
0,0.11792203514882858
0,0.06423830572650682
1,0.014409798521978517
0,0.010778575178000897
1,0.0
0,0.0
0,0.1174342642742538
0,0.09473202379174807
0,0.18745053786727406
0,0.0
0,0.3443075438215001
0,0.0030396078225550377
0,0.0
0,0.0
0,0.0
0,0.28989418385896915
0,0.2656601086152993
0,0.15011177443271367
1,0.0
1,0.33169015223386794
0,0.007242125771751609
0,0.01964612531600215
0,0.27558886206541144
0,0.15883658767213082
0,0.390165470813189
0,0.09730833904785294
0,0.00044538006319128076
0,0.0
1,0.0
0,0.01821063407906933
0,0.23168900082410707
0,0.14982512589841038
0,0.06304620098406087
1,0.0
0,0.09403095270191059
0,0.21192205577930598
0,0.12460788847049767
0,0.08501027544500386
0,0.0
0,0.1900772721168019
0,0.0
0,0.11742685632977175
0,0.4455482971416898
0,0.0
0,0.0237945817947951
0,0.058813351481291035
0,0.0
0,0.21545613638384692
1,0.13086765215329516
0,0.0828450558820979
0,0.179590884175392
0,0.06251260636076132
0,0.536979673323527
0,0.08270204004851117
0,0.08929231477345564
0,0.0
0,0.0
0,0.23210665226997143
0,0.0
0,0.0
0,0.06484732067813623
0,0.2656116761212467
0,0.06635718430441884
0,0.009581309606048465
0,0.0
0,0.127838118405329
0,0.15919126633245673
0,0.0
0,0.2301798673045828
0,0.17485432888381636
0,0.2298473913821018
0,0.1475287637750013
0,0.15805240632169776
0,0.13810813480526082
0,0.19027084822517934
0,0.0
0,0.0
0,0.0
0,0.04052697424911701
1,0.1182205384962269
0,0.10870224798432751
0,0.22756587171840467
0,0.23227429478705264
0,0.0
0,0.09578641650757069
0,0.0
0,0.031762944246965005
0,0.1082687053572742
0,0.0
0,0.42168660594595264
0,0.14496130160962128
0,0.0
0,0.3491054632845342
0,0.007885324427070843
0,0.07987790787420866
0,0.0
0,0.3077987756165009
0,0.044252294054117944
0,0.08242261511092638
0,0.24056732295381691
0,0.14777091861916147
0,0.05184779022988921
0,0.22655864585361943
0,0.4407724844141928
0,0.1076115673199132
0,0.07751401318088495
0,0.08559406254286223
0,0.25656442512472766
0,0.0
0,0.018252366043250846
1,0.0
0,0.0
0,0.0
0,0.05160945089093659
0,0.32536249886551794
0,0.14039892073878366
0,0.0
0,0.0
0,0.26621230248459815
0,0.22899155229437884
0,0.06422248653363045
0,0.0
0,0.22873992535569643
0,0.0
0,0.11880455970862845
0,0.40089884863399966
0,0.09080335233771862
0,0.0
0,0.12155530540073067
0,0.0
0,0.0
0,0.16515540403081602
0,0.22767516008245833
0,0.0133639991891141
0,0.0034146488855590004
0,0.0
0,0.037509659929865005
0,0.0
0,0.0
0,0.3438253245599409
0,0.1299739225124261
0,0.14585926620440284
0,0.19250993533986405
0,0.1756554325139708
0,0.0
0,0.10088289344572007
0,0.019645427360900955
0,0.125769543716499
0,0.11125363289372463
0,0.002600960870369713
0,0.0
0,0.08193555854482615
0,0.02935957682890516
0,0.0
0,0.13614926533330762
0,0.2048013168364163
0,0.43925347128134257
0,0.0013203745019008395
0,0.0
0,0.0
0,0.09129628597305106
0,0.09034772708375326
0,0.0
0,0.03376051769942398
0,0.0
0,0.19895651217498697
0,0.0
0,0.0548015472880531
0,0.0
0,0.0
0,0.018061326972370916
0,0.05830637295587548
0,0.13195987732837677
0,0.275861262522933
0,0.16990664141540343
0,0.20432468147193672
0,0.27691561649147073
0,0.14545618222840462
0,0.054493920657150696
1,0.21136678593825828
0,0.2209513928942485
0,0.1572848756949053
0,0.0
0,0.0
0,0.0187718843954274
0,0.1769431531103849
0,0.05679803713941604
0,0.23053029501758449
0,0.25728549431164216
0,0.23987557030158094
0,0.240831084672043
0,0.0
0,0.13239532491836636
0,0.0
0,0.0
1,0.01687933019162457
0,0.25871054484408773
0,0.1291113015177695
0,0.3626714057408838
0,0.08658452179021672
0,0.4271704130389361
0,0.08662818382755769
0,0.06337204442306045
0,0.0
0,0.22658441104391516
1,0.0
0,0.0
0,0.2521845845643858
0,0.23373340031939357
0,0.22980770508160184
0,0.005671329891752827
0,0.052353620204212255
0,0.05102184034562228
0,0.1773777271008597
0,0.2930347002741345
0,0.11522198327976105
0,0.35623366280360375
0,0.1945791627049592
0,0.02478009088283726
0,0.18430671091934622
0,0.31589104180631594
0,0.35974334750120013
0,0.2380337016898621
0,0.06385116804869988
0,0.02749601189161193
0,0.14641042553420863
1,0.31109617429065695
0,0.12506536833216775
0,0.12817978078032163
0,0.06770967814756385
0,0.010816340605318137
0,0.035679824003412325
0,0.0803138977868295
0,0.3177149994359733
0,0.02404293322037973
0,0.0678918113867071
0,0.0
0,0.1674946599709733
0,0.26500187680774234
0,0.30367467689351335
0,0.09050467870435656
0,0.14615314249188532
0,0.03696745167449429
0,0.1392028019541784
0,0.10709477287488216
0,0.0687396580877231
0,0.08066305384156941
0,0.1277883425090473
0,0.01587713477316536
0,0.02362548118829501
0,0.31610430205073303
0,0.4665820153269574
1,0.0
0,0.0
0,0.0
0,0.044506737744216734
0,0.19436707665558853
0,0.14868794130724078
0,0.08580467051707025
0,0.13934033204368484
0,0.0
0,0.023381584237107164
0,0.05698581774363048
0,0.0
0,0.0
0,0.0
0,0.17461623355256614
0,0.09680324228586246
0,0.15165918001109147
0,0.0
0,0.0
0,0.1594823160384743
0,0.0
0,0.2436944036399707
0,0.0
0,0.18650173378874677
1,0.0
0,0.21733555727573736
0,0.5412241370874742
0,0.0
0,0.16430657217909728
0,0.0
0,0.12401533833262561
0,0.02898417546721591
0,0.07946734836927649
0,0.0
0,0.17708116642447505
0,0.0
0,0.24624558943481104
0,0.0
0,0.0
0,0.29924052350110475
0,0.04989860207862703
0,0.3461453955663039
0,0.24320341939700132
0,0.0
0,0.04725152985948766
0,0.07815569094953614
0,0.2889454799979659
0,0.12562765700506723
0,0.08644389316446889
0,0.030018061935253845
0,0.052416444621804135
0,0.25568881285174866
0,0.06055580261962115
0,0.0007504093052737998
0,0.0
0,0.0
1,0.0
0,0.0
0,0.2847630413475485
0,0.02901011091487551
0,0.16566175028341473
0,0.0
0,0.14524669634488185
0,0.035797094344632935
0,0.0
0,0.08714399361316975
0,0.0
0,0.0
0,0.1983371911757906
0,0.09645263420222895
0,0.012908631787822228
0,0.0
0,0.0
0,0.09358390606020864
0,0.30201614403380384
0,0.09047497151115572
0,0.0
0,0.09376750905576038
0,0.05199855566299081
0,0.18960654391113455
0,0.15100997661175897
0,0.0
0,0.14178633066426852
0,0.0
0,0.0
0,0.03172898844396544
0,0.12164566635450172
0,0.0
0,0.16568646255863273
0,0.17450082712973997
0,0.06704642944492466
0,0.0
0,0.0
0,0.2138898197370341
1,0.0
0,0.21967056912287675
0,0.035220126130434494
0,0.04562482505357143
0,0.0
0,0.03799250548071201
0,0.15203782740170638
0,0.0
0,0.1347953800877768
0,0.0733518380518534
0,0.0
0,0.18820096297369565
0,0.0
0,0.11200211231155635
0,0.3029152737109938
0,0.27599147086509923
0,0.11847100808077837
0,0.014747883580373121
1,0.0
1,0.014561130914153689
0,0.1415710871876859
0,0.0
1,0.17361357270755712
0,0.37997407770049857
0,0.05071751473089074
0,0.0
0,0.0
0,0.17648483275673632
0,0.05103807315593346
0,0.19152463440960793
0,0.0
0,0.18459353213097474
0,0.036255123982541174
0,0.0
0,0.0
0,0.0
0,0.3584039337872417
0,0.04554272796622694
0,0.1566771133023294
0,0.0
0,0.0
0,0.02491792336230972
0,0.22517888000687977
0,0.0
0,0.0
0,0.08331963665537152
0,0.13485339010766162
0,0.30642722532797745
0,0.11306257175587422
0,0.15659890177968525
0,0.16789128553804822
0,0.0
0,0.0
0,0.0
0,0.0
0,0.17931898123056053
0,0.1035075137495633
0,0.07192440946371742
0,0.0
0,0.3683215287927928
0,0.0
0,0.36777191339084364
0,0.0
0,0.0
0,0.0
0,0.11431874639140463
1,0.0
1,0.0
0,0.0
0,0.17660325941067945
0,0.16671954773513206
0,0.3318050836618178
0,0.0
0,0.09282290565702005
0,0.0
0,0.00974414658970229
0,0.0
0,0.12966749362431312
0,0.21255327096272866
0,0.20866000362472498
0,0.0
0,0.2097701856934499
1,0.05338722943383044
0,0.011310465615447754
0,0.0
0,0.0
0,0.321347076929435
0,0.10611161497410353
0,0.08619177712518074
0,0.02066297121945799
0,0.42689679171570427
1,0.2557515733269637
0,0.0
0,0.018957741794306364
0,0.027863318494363444
0,0.08188079674238992
0,0.0
0,0.1258224785042545
0,0.2778132198058971
0,0.0
0,0.0
0,0.0
0,0.0
0,0.3597698812118896
0,0.2102563830022258
1,0.2016483528177396
0,0.020345145972989927
0,0.017052988981977886
0,0.0
0,0.1772610342071726
0,0.1336581907213178
0,0.25289960470174255
0,0.028375542996574903
0,0.03873312806994046
0,0.08550682928409536
0,0.19378463632606432
0,0.0
0,0.17040842006075618
0,0.05692566567407542
0,0.0
0,0.0
0,0.03952894321824699
1,0.27715694749111053
0,0.31120270001120925
0,0.11330643160051446
0,0.3543008495763371
0,0.05355883755648826
0,0.20299553274641716
0,0.0
0,0.0
0,0.0
0,0.0
0,0.25306383899203677
0,0.0
0,0.0
0,0.0
0,0.029346084519557544
0,0.3245238465839614
0,0.3740668276234076
0,0.0
0,0.006832800603557648
0,0.0
0,0.20825066118172794
0,0.102989032094089
0,0.0
0,0.07088596208865285
0,0.0
0,0.30213691415623445
0,0.14204392725240575
0,0.1604735131374657
0,0.0
0,0.04998169817567837
0,0.3724816438588551
0,0.2589193605055027
0,0.0
0,0.012986125097460888
0,0.0
0,0.31666523405443053
0,0.09664174234138627
0,0.0
0,0.06512369153111836
0,0.0
0,0.0
0,0.06546655887394644
0,0.18685130526799834
0,0.0
0,0.0028267038446355974
0,0.21145286077782327
0,0.0
0,0.09437742521762596
1,0.06989617546590052
0,0.3171570480534903
0,0.02547957103325435
0,0.03425991024373946
0,0.18824396297470328
1,0.0
1,0.0268675190173712
0,0.0
0,0.03916322809423496
1,0.18726096734442568
0,0.14312422276232595
0,0.0
0,0.08050488049908186
0,0.28356624211507864
1,0.0
0,0.0817750170595519
0,0.031025898459205715
0,0.05054924762448346
0,0.0
0,0.2716144281468307
0,0.0
0,0.2139107955230299
0,0.0
0,0.0
0,0.24196848756982
0,0.20908269052168862
0,0.09129988484459743
0,0.17417258247094797
0,0.01671708296154
0,0.05874485584216651
0,0.0
0,0.19560974239503895
0,0.0
0,0.2827734517406779
0,0.012624874752026345
0,0.06307628460245014
0,0.17380920309815012
0,0.0635796631784373
0,0.015313752857203468
0,0.05549648282872928
0,0.19407275303363758
0,0.0
0,0.04106444890901028
0,0.0615430091006213
0,0.18968777932914843
0,0.04502319391928451
0,0.3312448641740583
1,0.03651921334273574
0,0.024347454239208012
0,0.034345181757340235
0,0.0
0,0.0
0,0.0
0,0.23037447732751945
0,0.05503109109569848
1,0.0
0,0.2439802118409893
0,0.2926765699338391
0,0.24830736913616405
0,0.0
0,0.0
0,0.3320604105472078
0,0.0961709538000033
0,0.019855940265588214
0,0.16775219419962556
0,0.21109486010371684
0,0.0
0,0.09291599379298972
0,0.19898401038255875
0,0.0
0,0.06185181861392097
0,0.0
0,0.0
1,0.0
0,0.13156793068192055
0,0.011696605704279807
0,0.0
1,0.06773318449874388
0,0.0
0,0.12432048267508651
0,0.2297080142937465
1,0.04811939385179827
0,0.029602651004968755
0,0.11601605298233542
0,0.0
1,0.14052261848968012
0,0.5252828705617294
0,0.041598566832791936
0,0.0421312449425504
0,0.1715410500149525
0,0.3067999002296943
0,0.20624517666512024
0,0.0
0,0.14450982564941203
0,0.4457895217862512
0,0.15336615701391976
0,0.0
0,0.10227444366279209
0,0.0
0,0.24492055339032895
0,0.0
0,0.07113654520380346
0,0.0
0,0.0
0,0.28292259687907423
0,0.0755185747340546
0,0.0
0,0.0
0,0.0
0,0.0
0,0.07679388621665668
0,0.20703506530839955
0,0.0
0,0.2955815401078522
0,0.0
0,0.024298241568018103
0,0.0
0,0.20861426018517837
0,0.37462659210668514
0,0.0
0,0.008075689704795254
0,0.24971697705750526
0,0.0
0,0.14500258604566296
1,0.2432208300311356
0,0.07173432215352557
0,0.14253946064101988
0,0.3241353579191411
0,0.352263983115172
0,0.050704918044827546
0,0.0
0,0.0
0,0.20654462256430686
1,0.0
0,0.022113894301319645
0,0.0754034656431699
0,0.0
0,0.10197303975286859
0,0.4446769977439137
0,0.041760211448018635
0,0.0
0,0.2122997736572779
0,0.0959375466218283
0,0.27590036568170645
0,0.08470314297295775
0,0.022736518804345004
0,0.0
0,0.0
0,0.0
0,0.11690087494263594
0,0.0
0,0.24833660488790743
0,0.06453698472839306
0,0.023371962134749673
0,0.0
0,0.15333881224053092
0,0.0
0,0.0
0,0.2382524880908023
0,0.11319317411625338
0,0.024760585762759163
0,0.15621494771005748
0,0.06133978096660479
0,0.11745197256775254
0,0.0
0,0.37055979133659334
0,0.0
0,0.29340244904249657
0,0.03166967260432853
0,0.18106456734824433
0,0.17013352485392047
0,0.23202776327250685
0,0.0
0,0.2213453101918293
0,0.33696597763671604
0,0.021196053113721434
0,0.06520591007131836
1,0.0
0,0.008034562172235006
0,0.31671341983987356
0,0.0
0,0.0
0,0.30163514046215656
0,0.15368226388325434
0,0.37805553735637865
0,0.0
0,0.07894217058563541
0,0.0
0,0.08149517529715439
0,0.0
0,0.16274318349825123
0,0.10852111252385072
0,0.05136680063011216
0,0.0014453513100502885
0,0.0
0,0.16915693680491417
0,0.0
0,0.13678438680738647
0,0.3711677092214186
0,0.2828282232966447
0,0.0
0,0.0
0,0.12321761108330065
0,0.04945771169784747
0,0.0
0,0.11779739272102367
0,0.0584974657325551
0,0.34714881129056724
0,0.022015694607383
0,0.23520050779898863
0,0.0
0,0.0
0,0.1682492939714235
0,0.2225596170911062
0,0.0
0,0.06361161097258676
0,0.0
0,0.03281702605417809
0,0.18553841784361888
0,0.0
0,0.02264479410842958
0,0.0
0,0.0
0,0.32371663743215073
0,0.07093873375756993
0,0.0
0,0.012784207512301256
0,0.0
0,0.0
0,0.264050960856968
0,0.03862763634200924
0,0.3436095264151809
0,0.04569782422559161
0,0.05460319557127561
0,0.15613412378131852
0,0.0
0,0.09074089854803621
0,0.052652026790857245
0,0.2829058340272721
0,0.20470190912454259
0,0.0
0,0.24632079279413707
0,0.020652821162850728
0,0.0
0,0.08956548763068034
0,0.02958459665042727
0,0.2907697971042785
0,0.11109330427368148
0,0.09084883813290087
0,0.19509706242831595
0,0.2239307427139068
0,0.17754076414459485
0,0.27291952092224303
0,0.15130236193706825
0,0.08514771970900527
0,0.24587580931320438
0,0.04636557898767919
0,0.06498697745169923
0,0.3182365375945372
1,0.30328861919328465
0,0.058773628961501574
0,0.0
0,0.2794760250312748
0,0.1800627536872821
0,0.10733718812960444
0,0.011719093471508311
0,0.10975448680718908
0,0.05674373101684461
0,0.0
0,0.07935634928808527
0,0.09981360684594112
0,0.003690739961965353
0,0.19557385329142762
0,0.25332485884664835
0,0.2054846540483119
0,0.018562742217900788
0,0.17337322562825577
0,0.07169420961900602
0,0.0
0,0.16090940677466187
0,0.08191974614354222
0,0.44903220031039615
0,0.27859062949178404
1,0.1666725235401786
0,0.09737557519322694
0,0.08455833825870272
0,0.0
0,0.0
0,0.0
0,0.05284244727443544
0,0.0
0,0.0
0,0.022858045031336108
0,0.027686016977181302
0,0.0
0,0.008772927842789942
0,0.31858407421857926
0,0.15932179222359044
0,0.0
0,0.0497478317457055
0,0.05575299965215996
0,0.0
0,0.0
0,0.21157860304900694
0,0.0
0,0.0
0,0.053528948389583594
0,0.07770146296936853
1,0.0
0,0.053888046327421044
0,0.19019699015223904
1,0.12768440782827495
0,0.39446926727924564
0,0.24766642234682687
0,0.277340103712628
0,0.480012890387149
0,0.17372343926618966
0,0.08446053118990515
0,0.2060610440146998
0,0.0
0,0.0761529479242454
0,0.0
0,0.11969768363443224
0,0.0
0,0.0
0,0.12202099396582566
0,0.03934328388291492
0,0.0
0,0.0
0,0.0
0,0.0
0,0.12216349942179572
0,0.09284082706074538
0,0.21979190575487986
0,0.17292027344126565
0,0.22078544342739867
0,0.15125942871886844
0,0.09145189636372344
0,0.22490276134314832
0,0.19791191876101494
0,0.11641430513309867
0,0.2506607806290213
0,0.0
0,0.01643052387893252
0,0.014131430152240346
0,0.23290243162223553
0,0.2957092495426154
0,0.0
0,0.2716750761223914
0,0.0
0,0.0
1,0.024857144650895294
0,0.012269029180112315
0,0.0
0,0.15748169602388504
0,0.1619103637089903
0,0.2181062394245506
0,0.0
0,0.05406259275413269
0,0.05543592526460359
1,0.31319931622026964
0,0.0
0,0.0
0,0.06083112641876964
0,0.0
0,0.021251946409332388
0,0.041088669544513595
0,0.0
0,0.06967033891540086
0,0.15422239166367202
0,0.0245600332453497
0,0.0
0,0.03513526250191917
0,0.05888454800316159
0,0.0
0,0.12923308769419178
0,0.0
0,0.24923026122165767
0,0.14865802134637118
0,0.23550996063294827
0,0.0
0,0.00429200382188602
0,0.0
0,0.0
0,0.24781581367628874
0,0.28312358668837423
0,0.0
0,0.0
0,0.04857064919640762
0,0.14784084627146718
0,0.0
0,0.0
0,0.13344392158086035
0,0.0
0,0.0
0,0.08431377128382611
0,0.12234989548996758
0,0.03874228566842519
0,0.005136492142870409
0,0.1866856289574719
0,0.10278088895486362
0,0.0
0,0.06565843450233574
0,0.1174753533984289
0,0.3177355862177072
0,0.1779485502437369
0,0.24218352839309154
0,0.0
0,0.0
0,0.02469300107805148
0,0.0384641030042754
0,0.0
1,0.2498900439835227
0,0.19250274566381878
0,0.01414832080477392
0,0.15625659735207803
0,0.09343487445057569
1,0.16797419713970618
0,0.0
0,0.03815083902038477
1,0.051294220814130695
0,0.1535463149417477
0,0.0
1,0.0
0,0.0
0,0.0508428021433639
0,0.06958263382549973
0,0.31256221839374765
0,0.14741196609871485
0,0.0722295418847234
0,0.05514130848278435
0,0.22562750732545392
0,0.0
0,0.03895743183891018
1,0.0
0,0.27283590730429563
0,0.11887484055024206
0,0.0
0,0.04283174845225381
0,0.13644761448094203
0,0.022392163091658687
0,0.0
0,0.0
0,0.11084428488616721
0,0.006291858118397234
0,0.0
0,0.0
0,0.07164608647907544
0,0.03281648418121377
0,0.011752747703705296
0,0.08981560162330776
0,0.17220033941038468
0,0.16523482079107027
0,0.14290927513496438
0,0.02389945820464181
0,0.0
0,0.0
0,0.0
0,0.06294751427048544
0,0.0
0,0.07440857086761643
0,0.0
0,0.0
0,0.18291091812971924
0,0.0
0,0.0
0,0.0
0,0.12345539620956006
0,0.26623615672019507
0,0.0
0,0.027665493800612735
0,0.22074477598336084
0,0.0
0,0.35503029643690004
0,0.4266150453489554
0,0.0
0,0.045374515662486445
0,0.0
0,0.020284234364289923
0,0.0
0,0.18176386477190376
0,0.043114513954801384
0,0.0
0,0.034172225805731364
0,0.13721763554436145
0,0.0
0,0.0
0,0.358911420125298
0,0.0
0,0.03939705196207158
0,0.00033068912616410207
0,0.14221315561232128
0,0.32591848846365656
0,0.14699007625939264
0,0.0
0,0.0
0,0.0001552837009625302
0,0.019765020070010013
0,0.0
0,0.1829011380261661
0,0.0
0,0.2839952343188633
0,0.3330948895808581
0,0.022761970105173397
0,0.12584589606272772
0,0.0
0,0.15355144897186718
0,0.0
0,0.0
0,0.01659975176205237
0,0.0
0,0.011226089549436845
0,0.20245198542245382
0,0.0
0,0.3202534499660814
0,0.0
0,0.30231454097678934
0,0.0
0,0.05984801511950765
0,0.0
0,0.008440699269321804
0,0.18020358545333232
0,0.28497401958432156
0,0.2385787057433463
0,0.0
0,0.087638283360683
0,0.0
0,0.0
1,0.0
0,0.0
0,0.0974408446522413
0,0.0
1,0.05304694461288514
0,0.2874037686824287
0,0.22828666036111878
0,0.0
0,0.0
0,0.12897454596972396
0,0.0
0,0.22652311738240158
0,0.027961881317513926
0,0.3346950480866101
0,0.0
0,0.19772193378117497
0,0.044923674477870226
0,0.010342420279187928
0,0.0
0,0.14936218600675744
0,0.16142060771652866
0,0.32776917029488345
0,0.21120753942908885
0,0.0
0,0.0
0,0.0
0,0.28098365184592056
0,0.0
0,0.28203448034569606
0,0.13876080612930997
0,0.10948543223909407
0,0.013969753115955254
0,0.1591009369503376
0,0.05767938557447968
0,0.004618006279678434
0,0.16440071799723002
0,0.038404183616830415
0,0.0
0,0.14997401631909768
0,0.05040215165571521
0,0.13333650176367068
0,0.0
0,0.0
0,0.3202610943771413
0,0.29199171161453613
0,0.19256774418929418
0,0.0018283971938590216
0,0.014952304025839122
0,0.2673491168844697
0,0.00692549436488802
0,0.0
0,0.34083520134546796
0,0.052848347757919155
0,0.3252637992770768
0,0.0
0,0.13772773241767527
0,0.3706623898824922
1,0.06446261169882928
0,0.020399326159830568
0,0.0
0,0.2223514581652871
0,0.0
0,0.04577871609150172
1,0.0
0,0.2935341900146149
1,0.2332327966088524
0,0.055262287618030356
0,0.0
0,0.2903860573863948
0,0.005110240942927925
0,0.0
0,0.0
0,0.0
0,0.0
1,0.0
0,0.1716613100546573
0,0.003689975403715004
0,0.11335400731705664
0,0.0
0,0.0697753599546347
0,0.34813512331290314
0,0.007727088295965523
0,0.1176644156429488
0,0.0
0,0.2880159183625306
0,0.0
0,0.21758004748597515
0,0.041522955636164205
0,0.15173690475312096
1,0.1606518640816501
0,0.0
0,0.22378596536427778
1,0.0
0,0.17669013300413142
0,0.001469205875020349
0,0.11243369229480901
0,0.0
0,0.06749639620598934
0,0.0
0,0.09713354770331911
0,0.0666281752439379
0,0.0
0,0.051745805041455574
1,0.08010067142518648
0,0.0
0,0.040686213640549626
0,0.0
0,0.4118599558441511
0,0.21886779903122774
0,0.10096411584473267
0,0.23581693912150425
0,0.0
1,0.0
0,0.00010634073751407402
0,0.0
1,0.024509171332750615
0,0.09084849608923481
0,0.1980621747510917
0,0.0
0,0.11994460292401074
0,0.06215845397283488
0,0.1121263964899627
0,0.0
0,0.26747027097931797
0,0.04447370273554106
0,0.3261273335255653
0,0.0
0,0.17142410099333302
0,0.05104972791592071
0,0.01083863749998544
0,0.15484730107013198
0,0.01512397812156157
0,0.0
0,0.0
0,0.25086332404260736
0,0.24453876868195437
0,0.343101141938392
0,0.05737076275767338
0,0.0
0,0.0
0,0.06171367730419692
0,0.0
0,0.30728620844608
0,0.3959254319465605
0,0.13174210510952664
0,0.05837043799527061
0,0.0
0,0.2919650844234077
0,0.07144602162735697
0,0.016625340238408164
0,0.13217611330118065
0,0.0
0,0.08203127596827278
0,0.0
0,0.2230630783878651
0,0.04433834382964902
0,0.23382012909510178
0,0.02982957332375709
0,0.039570043682403244
0,0.0
0,0.17396354595272145
0,0.0
0,0.0
0,0.06015707791238052
0,0.07818362755340348
0,0.0
0,0.02537912017679752
0,0.17928453279655698
0,0.0032492948214146167
0,0.026290236868001762
0,0.08436090762640898
0,0.041105935117950146
0,0.0
0,0.054548081449964314
1,0.20911097550088442
0,0.0
0,0.003827716577127299
0,0.0
0,0.20120729257355174
0,0.04614626897431817
0,0.0
1,0.0738398400214766
0,0.0
0,0.0
0,0.0
0,0.0
1,0.26360063759997093
0,0.0
0,0.1299337683977218
0,0.0
0,0.17393006186448287
0,0.0
0,0.06588418916426347
0,0.06792769648034232
1,0.40917080046398874
0,0.15456379319702473
0,0.0
0,0.16275734454757707
0,0.3807261705727812
0,0.0
0,0.0
1,0.024465366133005935
0,0.0
0,0.010086495250518794
0,0.0
0,0.2705934080325018
0,0.0
0,0.029968078556625137
0,0.21687458876410468
1,0.055472271428122104
0,0.0
0,0.0
0,0.025500120595832683
0,0.0
0,0.09078466375544669
1,0.0
0,0.18195536053314326
0,0.0773324284746697
0,0.08847545915287156
0,0.27616151673600253
0,0.0
0,0.0
0,0.0
1,0.031121014571511306
0,0.046355265781300704
0,0.0
0,0.0
0,0.0
0,0.11397384994303347
0,0.08043874593802383
0,0.23993317047387402
0,0.35332298159456826
0,0.17390006571877023
0,0.2673780963612339
0,0.175016143839468
0,0.31648488838910754
0,0.3376280451436901
0,0.20267477561683903
0,0.16595702196368778
0,0.029215174209394887
0,0.053799407855413525
0,0.009324400297460685
0,0.15318774163425836
1,0.0
0,0.03133406853301351
0,0.0
0,0.3184634842158764
0,0.02692881261205224
0,0.12833706560048652
0,0.27866800420671034
0,0.10504401561617696
0,0.2766515553140147
0,0.0
0,0.4196064884396553
0,0.22306652977331484
0,0.09138037387299613
0,0.27376189989381683
0,0.0
0,0.01670776818457593
0,0.2766375594603569
1,0.0
0,0.14406866624382073
0,0.13982642397677308
0,0.3553838725233244
0,0.0
0,0.301444658554745
0,0.0
0,0.0
0,0.0
0,0.0
0,0.12052835211808835
0,0.0
0,0.1710426500479373
0,0.0
0,0.0
0,0.0
0,0.11050607876344587
0,0.018397010710347092
1,0.06513151774991975
0,0.1644311192754126
0,0.22236321774254228
1,0.013485703711585355
0,0.0
0,0.07141417183837742
0,0.13059743791561076
1,0.0
0,0.0
0,0.0
0,0.02882667169194352
0,0.0
0,0.16605610876453494
0,0.0
0,0.0
1,0.00991667827328064
0,0.033652079379021496
0,0.0
0,0.0
0,0.0
0,0.0010053079466781634
0,0.08278222249339372
0,0.0
0,0.281675445001241
0,0.13323069596003584
0,0.0
0,0.07417672400513595
0,0.07860229779084074
0,0.24220822117466714
0,0.0
0,0.175100804658086
0,0.06627817136737164
0,0.2837349774673149
0,0.25363371789591116
0,0.08954689568889004
0,0.020657606847590916
0,0.13599088645191837
1,0.03293249593092509
0,0.3120460658967502
0,0.0717705117265518
0,0.0
0,0.0
0,0.0
0,0.14348386921399842
0,0.0
1,0.22472223782816206
0,0.0
0,0.07908621734598754
0,0.232533563774618
0,0.0
0,0.3627398315688279
0,0.0
0,0.0811643073243209
0,0.14571738382745159
0,0.16891935841733302
0,0.10108259073895232
0,0.20960768755595513
0,0.1378606069382719
0,0.32413217100484554
0,0.13834913142818958
0,0.35469532798246306
0,0.19516182603564838
0,0.0
0,0.45166540175817615
0,0.0
0,0.2843316022802603
0,0.06401901646791576
0,0.21916353864038693
0,0.0
0,0.1538616814634382
0,0.022021418190839186
0,0.29685046673848325
0,0.1258002251125514
0,0.20039139619523494
0,0.0
0,0.04716409803170621
0,0.12158274525874437
0,0.09354223596595607
0,0.20417358205767758
1,0.005114363229381823
0,0.06731806575519458
0,0.23718401466224878
0,0.0
0,0.14840257524575118
0,0.009917276100967008
0,0.0
0,0.11048163364139701
0,0.2441176945212983
0,0.21587157472262714
0,0.03973304536400571
0,0.19136114456414227
0,0.19021018476687662
0,0.04689430942602497
0,0.0
0,0.0
0,0.18567800233022055
0,0.053677977943096394
0,0.0
0,0.0
0,0.18477471781445692
0,0.0
0,0.10955816334839726
0,0.24595603606036853
0,0.0
0,0.05322939292307326
0,0.034395878067169545
0,0.1169614313441941
0,0.2458739997630652
0,0.0
0,0.14546969230586504
0,0.2147285662490552
0,0.03204344040648259
0,0.039382951066031464
0,0.12276740534773833
1,0.11172256168346822
0,0.14735289110506838
0,0.1441920789601825
0,0.0
0,0.2085399746557415
0,0.23501747432853573
0,0.08791243405354474
0,0.0
0,0.04278814409998641
0,0.08916088154108526
0,0.0
0,0.00597929046344798
0,0.0
0,0.1510938337479666
0,0.0848932972353077
0,0.0
0,0.11271972923729709
0,0.05152365789145631
0,0.13746214241316074
0,0.0012701349366858322
0,0.0
0,0.0
0,0.0
0,0.06282376448715705
0,0.0821937698137188
0,0.03139201832878458
0,0.0
0,0.0072895097991777305
0,0.43615871782603993
0,0.0
1,0.0
0,0.5540781162552222
0,0.12315199536908288
0,0.0
0,0.18640308059658947
0,0.0
0,0.19635922617076457
0,0.028355658094397787
0,0.0
0,0.30137474532413744
0,0.14496020289888673
0,0.20594841561738111
0,0.12523795192799195
0,0.0
0,0.15170316303873121
0,0.2413823089026691
0,0.08021070652763301
1,0.3302463906519759
0,0.18757308048028629
0,0.09179738246574179
0,0.09772297965267268
0,0.08058556934514371
0,0.0
0,0.046489170628709234
0,0.09317797280117507
0,0.0
0,0.11065155280570423
0,0.06319612355326666
0,0.17605378366481528
0,0.15946685715985964
0,0.08507299313772618
0,0.0
0,0.32860841080217557
0,0.03871635021432851
0,0.047867031945730235
0,0.008621872695091841
0,0.0
1,0.2916087072000786
0,0.267906648057912
1,0.12665901053665063
1,0.04387497683539118
0,0.15286769775206296
0,0.0710695472654059
0,0.03146656225153517
0,0.11071588822594952
0,0.0
0,0.09783963960051487
0,0.09063313884324532
0,0.15044040318868868
0,0.0
0,0.1665204529314811
0,0.0
0,0.0
0,0.0
0,0.0
0,0.2123493425078494
0,0.0
0,0.0
0,0.24831115657299632
0,0.0
0,0.0317785972292855
0,0.0
1,0.18494268114340268
0,0.18701043662865977
0,0.170841885618517
0,0.14062947422909156
0,0.0710383666529215
0,0.0
0,0.0
0,0.25348582901425054
0,0.17472064075898847
0,0.0
0,0.06597476523347016
0,0.014982736052248008
0,0.0
0,0.08664770649319536
0,0.0
0,0.0
0,0.0
0,0.0
0,0.00428608084580407
0,0.047235754436262656
0,0.0
0,0.15761091414858414
0,0.05016801873255565
0,0.1465327965897975
0,0.03256338147184383
0,0.0
0,0.07711763567079208
0,0.0
0,0.14091577809549716
1,0.0
1,0.19773487898001732
0,0.009231638063712792
0,0.21938002744648755
0,0.0
0,0.0
0,0.11714024202728558
0,0.23557456401401325
0,0.3099913362472383
0,0.06620492455213091
0,0.33566184461801335
0,0.016550317526185417
1,0.22481514335444588
0,0.0
0,0.12303007602948812
0,0.0
0,0.0
0,0.1300015197121147
0,0.0
0,0.12404244161837769
0,0.1959687181218545
0,0.0
0,0.0
0,0.0
0,0.0
0,0.044817966297612345
0,0.07531359373321227
0,0.014098481535478685
0,0.31115388602802324
0,0.0
0,0.2687149768882968
0,0.0
0,0.07091663549123234
0,0.23746581128221042
1,0.22970357283799767
1,0.0
0,0.14326045801070175
0,0.1231768625496339
1,0.0
0,0.15239249057221113
0,0.33937382580785586
0,0.1307550997593946
0,0.14495345686060063
0,0.16082324673010612
1,0.0
0,0.12903370098094333
0,0.0
0,0.0
0,0.38429126717827544
0,0.022010758551178497
0,0.0
0,0.23288738683520882
0,0.0
0,0.0
0,0.247357825197925
0,0.0664151347961939
0,0.0
0,0.14159844214839284
0,0.0005301176930236837
0,0.2909777229795367
0,0.0
0,0.2176838960588889
0,0.3263547048548571
0,0.0
0,0.031018046886271078
0,0.11829379112166757
0,0.0
0,0.10054424200617458
0,0.026261956874101156
0,0.023239864260995217
0,0.06734075890621674
0,0.07068970733678463
0,0.08458211536140603
0,0.0
0,0.0
0,0.04221186167627543
0,0.05328635381463072
0,0.0
0,0.10859094631290274
0,0.0
0,0.0
0,0.018010826069571814
0,0.0
0,0.30437970222133365
0,0.06282927700874276
0,0.0865154517338855
0,0.0
0,0.057633161944055857
0,0.0
0,0.034527444585738976
0,0.0
0,0.018389462286575627
0,0.0
0,0.0
0,0.27958896067715
0,0.18455966236613136
0,0.2578559003872847
1,0.2681581904506386
0,0.1609481136246716
0,0.0
0,0.0
0,0.2320116908174545
0,0.06968519615810857
0,0.434103422457286
0,0.0052353035983868715
0,0.35593437821707197
0,0.03648123139563671
0,0.26040728958880505
0,0.31450376058486823
0,0.0
0,0.0
0,0.0
0,0.0
0,0.1600600275787425
0,0.030505744462646766
0,0.06785494847852043
0,0.143435870245992
0,0.0
0,0.25301490059355825
0,0.0076358754990123665
0,0.1398601959356786
0,0.15310692588428204
0,0.2656194841145761
0,0.04427139183254497
0,0.0
0,0.06856914201803413
1,0.09010602872424017
0,0.0
0,0.0821235981649408
0,0.005847234791056227
0,0.0
0,0.16072273425139258
0,0.0
0,0.0
0,0.0
0,0.245321789619622
0,0.053862575733991155
0,0.07186497308187323
0,0.0
0,0.12943002333823578
0,0.26239770726760075
0,0.15717912262297595
0,0.16303004420022843
1,0.15093453088265182
0,0.0
0,0.0
0,0.02925189096013106
0,0.0
0,0.0
0,0.0
0,0.0
1,0.021521166398609945
0,0.04958604497716732
0,0.0
0,0.0718387819024839
0,0.0
1,0.22358603810607722
0,0.0357561353962744
0,0.16444963221025727
0,0.09048206434420387
0,0.0
0,0.04640127363942368
0,0.0
0,0.043781874267461815
0,0.0
0,0.11729445502272123
0,0.0
0,0.06220527379191558
0,0.14586233738447907
0,0.19613933539634928
0,0.0
0,0.06266264583107627
0,0.08762204593673603
0,0.2920689419314152
0,0.0
0,0.0
0,0.480669373910412
0,0.019035407406603783
0,0.0
0,0.0
0,0.0
0,0.09613810686842297
0,0.18146771404173279
0,0.0
1,0.0
0,0.19854812330533686
0,0.0
0,0.0
0,0.025782722742654043
1,0.0
0,0.01591996537896183
0,0.0
0,0.09214702288822615
0,0.03761503722300169
0,0.14237857413495492
0,0.09005992507204386
0,0.09100351087440352
0,0.0
0,0.13388873274673083
0,0.010370039729333681
0,0.03501025385255733
0,0.21723965645862145
0,0.0
0,0.26267764926885007
0,0.276671294905964
0,0.17291766560465577
0,0.0
1,0.0
0,0.22182523713899113
0,0.07670775919966195
1,0.0
0,0.23603435156334038
0,0.0
0,0.0
0,0.1387335546475491
0,0.0
0,0.04357786355893989
1,0.2233705775870042
0,0.09166661154316949
0,0.2471139505235521
0,0.23004035370089967
1,0.061160750163242905
0,0.0
0,0.0
0,0.17450011685767342
0,0.0
0,0.010996111711957503
0,0.11077209205335485
0,0.28043560436422654
0,0.0
0,0.0
1,0.052133135025674925
0,0.11263694547151536
0,0.03686297589058589
0,0.21739025233287157
1,0.0
0,0.07802414000685653
0,0.12678190653705285
0,0.0
0,0.185956490483995
0,0.08234378118635242
0,0.17832685697284106
0,0.08911561620732479
0,0.1164606857230842
0,0.0
0,0.0
0,0.2436594719893165
0,0.15532656667804984
0,0.0
0,0.08712951369822472
0,0.0
0,0.0
0,0.20415415149298588
0,0.04122816169332607
0,0.07768690044990469
1,0.0
0,0.0011619572795772415
0,0.11074083357408188
0,0.12979348130975094
0,0.20435335670015464
0,0.028461337233985765
0,0.03515162810637762
0,0.0
0,0.02932176912402029
0,0.0
0,0.0
0,0.0
0,0.2863027361705957
0,0.019415819773008512
0,0.09298160445350487
0,0.0
0,0.0
0,0.20041696873945608
0,0.0
0,0.0
0,0.051807767872490834
0,0.09457344651447827
0,0.0
0,0.0
0,0.0
0,0.0
0,0.0
0,0.20550878853114052
0,0.0
0,0.10514689116572382
0,0.08374455558268737
0,0.2040682616207505
0,0.04003021923946032
0,0.1786696450796338
0,0.034166979285885295
0,0.12515887898772005
0,0.0
0,0.0
0,0.116632028034878
0,0.12467746890588444
0,0.1313253499727824
0,0.0
0,0.2834583378315559
0,0.0
0,0.12313185295085542
0,0.14919543375061178
0,0.31781102396236655
0,0.012445557031524966
0,0.0
0,0.0
0,0.2928550509993709
0,0.123211636057281
0,0.1279591658841453
0,0.5275056361985879
0,0.10875671117794491
0,0.0
0,0.030614463751053582
0,0.0
0,0.0006197408125841394
0,0.0
0,0.0
0,0.0
0,0.2988752450508444
0,0.10482720666575907
0,0.026179194794964257
0,0.17364567442736145
0,0.13066009122740863
0,0.10135360991130712
0,0.162749710915024
0,0.08009021156379849
0,0.1605332185487387
0,0.17296684513166627
0,0.08440781025492046
0,0.02694082597558265
0,0.2895596702180863
0,0.0
0,0.11869704006410187
0,0.12208626161085998
0,0.0
0,0.0
0,0.0069221968695223485
0,0.0
0,0.0
0,0.0
0,0.09993344769518434
0,0.2498915376222898
0,0.143158700276045
0,0.0
0,0.15619555721359912
0,0.0
0,0.12796201120316444
0,0.057879711118405786
0,0.031096856086975835
1,0.04466464080567881
0,0.05663635375953299
0,0.2616607458135366
0,0.057050971937236884
0,0.22283041997718003
0,0.20098587987684857
0,0.16005683213754796
0,0.0
0,0.227494898424241
0,0.0
0,0.16735909216121586
0,0.0
0,0.0
0,0.35645831052467986
0,0.0
0,0.2319159958577621
0,0.07776304821547815
0,0.0
0,0.05327566735046902
0,0.0
0,0.05793684305861541
1,0.0
0,0.0006834308529021574
0,0.1987949345954364
0,0.0981286014836486
0,0.0
0,0.18772321903708045
0,0.05893503571362861
0,0.0
0,0.17200144558633965
0,0.034918974453449644
0,0.0
0,0.33717145671744064
1,0.05740688356635184
0,0.047792219327667425
0,0.0
0,0.2369948609186384
0,0.0
0,0.0
0,0.0
0,0.25901619006821885
0,0.18481982421856757
0,0.02174765210102083
0,0.2659882712460711
0,0.17219133432328237
0,0.02001159545480899
0,0.03511352173483804
0,0.10939765979181512
0,0.0
0,0.06067575982640264
0,0.10627700469199355
0,0.0
1,0.03160195161481532
0,0.014541572195146756
0,0.21421020299404836
0,0.0
0,0.0027740970444433757
0,0.0
0,0.2040106445882401
0,0.0534680145952661
0,0.3294141968478554
0,0.15933200728595798
0,0.0
0,0.09594880448384382
0,0.006889678594581283
0,0.188909413573563
0,0.0
0,0.0
0,0.12835348778323818
0,0.24386346730854314
0,0.0
0,0.26617068239856234
0,0.03897973073579908
0,0.0
0,0.0
0,0.0
1,0.057044271623189736
0,0.050115294328667306
0,0.15498006520639646
0,0.0
0,0.0
0,0.0
0,0.0650415430367366
0,0.0946159192432916
0,0.0
0,0.19521700505030393
0,0.0
0,0.0
0,0.0
0,0.22122602635539107
0,0.040080532058901094
0,0.0
0,0.19891616256728153
0,0.38141228099231195
0,0.09145239514634215
0,0.245076369129815
0,0.21541169258621842
0,0.0
0,0.06399512707143487
0,0.0
0,0.02925866004575474
0,0.0
0,0.0
0,0.0
0,0.01693547877066491
0,0.13983490293973716
0,0.04207621343400065
0,0.0
0,0.0
0,0.0
0,0.09660903389726516
0,0.1354976046081281
0,0.09848223327812475
1,0.0
0,0.09702808936968244
0,0.0
1,0.0
1,0.17128948795633953
0,0.1827041630585658
0,0.2023343221625259
0,0.0
0,0.2369043469039618
0,0.0
0,0.15802519823077693
0,0.0
1,0.02640267543813437
0,0.0
0,0.01471301783746265
0,0.07366349501775411
0,0.0
0,0.3234282102127709
0,0.0
0,0.0
0,0.0
0,0.0
0,0.21471195944110574
0,0.2817047691490445
0,0.0
0,0.0
0,0.0
0,0.2559428079778955
0,0.22815066103744538
1,0.04410273000168198
0,0.0
0,0.0
0,0.08559441755768898
0,0.14240068776697482
0,0.0
0,0.01180351341931759
0,0.30274438343360754
0,0.027373619005457178
0,0.2834457136185936
0,0.15735691934335255
0,0.0
0,0.016099305997221598
0,0.04069586421829456
0,0.0
0,0.0
0,0.2860152888177841
0,0.0
0,0.22176541146130202
0,0.0
0,0.05615410051752413
0,0.14427666273578588
0,0.0
0,0.14518564702418
0,0.0
0,0.12595610826219553
0,0.0
0,0.02597299099523137
0,0.1881364477977737
0,0.15334429590875637
1,0.0
0,0.0
0,0.0
1,0.08793237935372021
0,0.0
0,0.05801646362271627
0,0.10671440607000968
0,0.017544422869352448
0,0.13879814520795777
0,0.09355862374893059
1,0.0
0,0.0
0,0.08001196223562343
0,0.0
0,0.0
0,0.13186863269446286
0,0.2726000075151527
1,0.054290981483698646
0,0.14310972546688058
0,0.0
0,0.09682853714925517
0,0.05101410934842563
0,0.24438413709392728
0,0.0
0,0.023754357425644385
0,0.21882217006991922
0,0.04619493114080258
0,0.0
0,0.4427449909935184
0,0.0
0,0.05029498776757144
0,0.11200322340384197
0,0.10014262635466717
0,0.03153844439904018
0,0.03228594442105379
0,0.02476022005680669
0,0.0
0,0.3825328821634093
1,0.027001362342993447
0,0.14953964892346433
0,0.009802071347759185
0,0.006785449146677475
0,0.0
0,0.0
0,0.03590682898188459
0,0.0
0,0.23572867637771655
0,0.0
0,0.0
1,0.0
0,0.2763795591017713
0,0.0
1,0.1443449767089205
0,0.20552422101089698
0,0.03808156328768877
1,0.0
0,0.0
0,0.18896460971941195
0,0.0
0,0.11880399165898684
0,0.07715236647308944
0,0.11656987264665408
0,0.13073772117688315
0,0.0
0,0.0
0,0.1672390701150604
0,0.0
0,0.0
0,0.1573132946825797
0,0.0
1,0.130070381685788
0,0.2689232773975454
0,0.06251436858929214
0,0.20936487474952964
0,0.08306965208043032
0,0.2981143992211721
0,0.0
0,0.058767752937526535
0,0.16097424075622013
0,0.03143823644849318
0,0.23283284949790045
0,0.0
0,0.3704056727443332
0,0.3783296256408368
0,0.10231079943409495
0,0.1428901770531925
0,0.23875071534369563
0,0.0
1,0.0
0,0.2484628370786452
0,0.1010982709309499
0,0.02602421310303156
0,0.061668495432174154
0,0.0
0,0.03141565283144981
0,0.0
0,0.19771074504226235
0,0.2092546167576009
0,0.14650203511948656
0,0.11931879731987123
0,0.0
0,0.14859646199953114
0,0.15440969182850758
0,0.2467788980653095
0,0.37773147186452954
0,0.0
0,0.0017284761572679969
0,0.0
0,0.08587607825776113
0,0.0620102787327058
0,0.02488768903797816
0,0.21414065421017603
0,0.0
0,0.0
0,0.0
0,0.005950861886101964
0,0.0
0,0.05271427668010942
0,0.035176470805369967
0,0.0
0,0.19106493810842937
0,0.05107492075698947
0,0.21939710460477055
0,0.030742522319335195
0,0.056370766765296794
0,0.0
0,0.05894301891967732
0,0.16683469591980696
0,0.0
0,0.13776179438019964
0,0.0
0,0.1738575848283314
0,0.0
0,0.18775198098435755
0,0.06914648136504975
0,0.2881430600086595
0,0.0
0,0.0
0,0.0
0,0.0
0,0.0
0,0.15323261406898137
0,0.059373180988101244
0,0.0
0,0.0019556104041851888
0,0.0
0,0.3075553751728566
0,0.0
0,0.0
0,0.17940759262294914
0,0.027636656497826866
0,0.3658160533226828
0,0.0
0,0.18689762696351878
0,0.22232959958989576
0,0.0
0,0.0
0,0.1712049796396357
0,0.1462337876870896
0,0.0
0,0.0
0,0.0
0,0.14930802809682034
0,0.020725921029638175
0,0.035677436853707695
0,0.0
0,0.0
0,0.0
1,0.0
0,0.07767541132764468
0,0.14752021899477208
0,0.4004418853927796
0,0.05699744549536118
0,0.22731039946454182
0,0.0
0,0.0
0,0.0071547529934813045
0,0.0
0,0.062200975075365476
0,0.0
0,0.0
0,0.3204037718790266
0,0.0
0,0.0
0,0.19472576857609344
0,0.0
0,0.2235249050535993
0,0.0
0,0.0
0,0.11172475642155696
0,0.1489829071056165
0,0.17527256060108976
0,0.04653882919060064
0,0.1392925082331875
0,0.17184429103851306
0,0.09008537078502746
0,0.03860128301035558
0,0.0
0,0.1498761235169983
0,0.06632605487117263
0,0.0
1,0.25166495453874904
0,0.0
0,0.30660544730473294
0,0.05665900820483015
0,0.10762772677543475
0,0.0007433828204593748
0,0.0
0,0.03905851523013304
0,0.11021173603391887
0,0.1614338169603891
0,0.030295020234164787
0,0.0
0,0.0
0,0.36780294356449406
0,0.0
0,0.27405741873588124
0,0.0
0,0.032631613540819865
0,0.15378123893998558
0,0.0
0,0.2988322703638581
0,0.07135925371026164
0,0.12912762694495047
0,0.019858948797131133
0,0.1588080430525636
1,0.29681891097747937
0,0.040307109356517844
0,0.3194569186123854
0,0.0
0,0.1746144059027565
0,0.13336715043645747
0,0.0
0,0.09207145569559977
0,0.061104890677555916
0,0.0
0,0.11370036512911896
0,0.08194343191627763
0,0.049111957903917494
0,0.04971337964119727
0,0.04649846116145709
0,0.004845056813050877
0,0.08097511425224725
0,0.0
0,0.45852142372049987
0,0.0
0,0.0
0,0.0
0,0.3660740121486806
0,0.0
0,0.12388834469791647
0,0.09725910975698099
0,0.11004034570118221
0,0.24545147439164103
0,0.24237440396206325
0,0.0
0,0.08910261742409864
0,0.0
0,0.07486395127828936
0,0.0
0,0.03204263610592252
0,0.0
0,0.1207308430078613
0,0.0
1,0.08224269101873796
0,0.0
0,0.0
0,0.2332098153817744
1,0.14818769188704328
0,0.23238047065058143
0,0.2939590698751935
0,0.0
0,0.2848457493661307
0,0.0
0,0.17191505018173547
0,0.0
0,0.0
0,0.15217048009566636
0,0.20174272877538196
0,0.19729025799698172
0,0.0922289833342188
1,0.07979359519938585
0,0.13902998785498538
0,0.10556461132757866
0,0.14120337593789706
0,0.09059991916660713
0,0.18641757367595457
0,0.0
1,0.04030897873704206
0,0.0
0,0.1015053026407327
0,0.3062895263780546
0,0.0
0,0.07908780454458228
0,0.17347300723824582
0,0.0
0,0.0
0,0.11467734889092754
0,0.0
0,0.0
0,0.2251286960071934
0,0.21044953506760872
0,0.11614773410551503
0,0.19232964599147662
0,0.09226563516321956
0,0.14330923611634716
1,0.012651943673907921
0,0.0773719024383139
0,0.0
1,0.24952250162734702
0,0.2882339114253303
0,0.266986920104561
0,0.0
0,0.0
0,0.25154604911252443
1,0.1415860803887119
0,0.10928765122854636
0,0.0
0,0.12384957189551472
0,0.0
0,0.15510935341185478
0,0.26683300494093154
1,0.30465683158619283
0,0.16627860811647238
0,0.0
0,0.08959951964190323
0,0.380952261608657
0,0.0
0,0.05112276406346745
0,0.27202865277014654
0,0.1525700883110378
0,0.43202344867276565
0,0.0
0,0.0
0,0.24361881537527608
0,0.0
0,0.030484801677369555
1,0.05015301827106352
0,0.2153984210078883
0,0.15214019520378702
0,0.12855973712652938
0,0.0
0,0.24225060286229147
0,0.6638736064090895
0,0.16369231483843735
0,0.07495083113202547
0,0.0
0,0.0
1,0.027943464907904392
0,0.0
0,0.05758832482097277
0,0.32670241152109314
0,0.2470750376053851
0,0.03617509252976185
0,0.0
0,0.2606051464353619
0,0.052641858980795334
0,0.0
0,0.16686451777395542
0,0.2138530026350198
0,0.0
0,0.0
0,0.043431898303842906
0,0.17017663669629263
0,0.0
0,0.0
0,0.16907538745204237
0,0.0
0,0.14130819758230456
0,0.0
0,0.0
0,0.17329037363555955
0,0.09787798654758208
0,0.19836835998543106
0,0.0
0,0.0
0,0.2641078331311366
0,0.0
0,0.24771910637709368
0,0.2580757061223575
0,0.1890134271399113
0,0.0
0,0.0
0,0.028491634050270068
0,0.0
1,0.0
0,0.1567101437263569
0,0.15740236713362354
0,0.0
0,0.1614182902950112
1,0.1281454958609709
0,0.2864829381865655
0,0.14537046628012823
0,0.2187871580601567
0,0.1315616386395317
0,0.2069893664545782
0,0.0
0,0.04173833143336299
0,0.05415258476587053
0,0.023437507959707636
0,0.12658299454750882
0,0.15515694817436265
0,0.11883856156067225
0,0.03345841781679933
0,0.0
0,0.2245779111234351
0,0.11245992249207526
0,0.0
0,0.030946868752556436
0,0.0
0,0.06530559215211643
0,0.030243008610210603
1,0.0
0,0.2976900284705294
0,0.0
0,0.1659589427523503
0,0.38800622413978103
0,0.22159018555750318
0,0.05526918268533494
0,0.0
0,0.0
0,0.0
0,0.0
0,0.0
0,0.011052981679313387
0,0.04466293606714697
0,0.13278179214679442
0,0.0
0,0.0
0,0.0360491875766278
1,0.03067722098650964
0,0.3354635561120134
0,0.09483698890857861
0,0.0
0,0.1227272042380147
0,0.1418495584115968
1,0.04123079576328928
0,0.0
1,0.3237082042970194
0,0.0
0,0.15911583096239001
0,0.09000757935959028
0,0.1501215823544655
0,0.3160286886250995
0,0.14424583082115527
0,0.0
0,0.22589884126919413
0,0.0
0,0.08453370170929017
0,0.0
0,0.0
1,0.06770800056542796
0,0.11521300628713081
0,0.0
0,0.13459310520009965
0,0.0
0,0.251953202350675
0,0.007205335676323761
0,0.0
0,0.07137068369388784
0,0.0
0,0.2503417712149688
0,0.060079531129964954
1,0.037248506536006934
0,0.14877015283965117
0,0.0
0,0.0
0,0.12125273691624554
0,0.0
0,0.0
0,0.18551340468313313
0,0.138759616497591
0,0.0
0,0.0
0,0.0
0,0.32644789470608704
0,0.19590156413559126
0,0.0
0,0.14642920340152388
0,0.0
0,0.0
1,0.07572948989128293
0,0.12783461237188692
1,0.04538113117298339
0,0.0972020266071339
0,0.07175046899296894
0,0.035463389696652386
0,0.015578161171365942
0,0.0
0,0.09479062629428821
0,0.12162233837991843
0,0.08975387509782509
0,0.0
0,0.0
0,0.11983227089221009
0,0.2807509951006316
0,0.08286231923381328
0,0.0
0,0.09365106831641633
0,0.0
0,0.25634147348046954
0,0.08798912167620423
1,0.0
0,0.03498068008606873
0,0.0
0,0.2567504965225251
0,0.02966398658294113
1,0.08330486191733893
0,0.14605896849769376
0,0.0
0,0.08905641992027355
0,0.10116533540913147
0,0.0
0,0.09790447331664148
0,0.05313569025852912
0,0.0794949438173995
0,0.06534445702358499
0,0.0988754809425123
0,0.2606014838514237
0,0.0
0,0.008677149674936983
0,0.15999279434442545
0,0.13213888015918665
0,0.12891083300131262
1,0.4730365823510006
0,0.15212032861750588
0,0.22964066943825373
0,0.013939191172123735
0,0.0
0,0.012852385614954907
0,0.16679402570151064
0,0.1210241782243763
0,0.12048770558983196
0,0.027848341980430832
0,0.003929607178053698
0,0.033021413356008326
0,0.16867131752478193
0,0.1861091142255627
0,0.0
0,0.17435138391471738
0,0.0
0,0.130338247776158
0,0.031205138630626777
0,0.29486828238584767
1,0.0
0,0.08679177613421749
0,0.15098897363391414
0,0.0
0,0.04907144168595822
1,0.020012267306529406
0,0.0
0,0.0
0,0.22680218972051916
0,0.0
0,0.14496118240074085
0,0.10718925030467163
0,0.0
0,0.13787541576396617
0,0.0
0,0.154213774224774
0,0.0
0,0.06125508798846783
0,0.0
0,0.0783573485407224
0,0.19904256269559292
0,0.0
0,0.0
0,0.1281931535351234
0,0.13194274854704088
1,0.0
0,0.36231095456741597
0,0.1392830225322497
0,0.16453779936794422
1,0.03846893300069746
0,0.0
0,0.16120830918753598
0,0.0
0,0.14158975412750097
0,0.02717983946059068
0,0.09570590686745661
0,0.0
0,0.18965834140183974
0,0.0
1,0.39683541380087844
1,0.39569229524805183
0,0.3049049378199766
0,0.2513218478661765
0,0.04731774626495385
0,0.23498200586208123
1,0.04557352525858085
0,0.0
0,0.28548021210460317
0,0.2293236694383758
1,0.05529913385168469
0,0.0
0,0.0
0,0.0
0,0.20176212789269657
0,0.0
0,0.10302463052200145
0,0.0
0,0.0
0,0.09575326399178576
0,0.009930092203195288
0,0.18572836581380514
0,0.0
0,0.0
0,0.0
0,0.0
0,0.3297288614967769
0,0.3725397366149504
0,0.07390893078359292
0,0.0
0,0.015232661176483954
0,0.19103613037295458
0,0.0
0,0.09564508005625338
0,0.05808659242781255
0,0.0
0,0.0
0,0.10399813075282624
0,0.0
1,0.1277594018435274
0,0.0
0,0.07910509569723453
0,0.2675943849252838
0,0.03477119321595713
0,0.19797065102879885
0,0.0
0,0.0
0,0.06415329316141093
0,0.34849960188096885
0,0.0
1,0.04556852071608347
0,0.27850332763743946
0,0.0
0,0.028074178436149462
0,0.10976084775833092
0,0.08767628305841703
0,0.2948655713181621
0,0.12727107151098477
0,0.25916593432713286
0,0.0059987464035132915
0,0.0
0,0.02614152104705468
0,0.0
0,0.13252675443151427
0,0.002118283086713149
0,0.0
0,0.13479876144315026
0,0.0
0,0.17557533207836917
0,0.0
0,0.2338644666141276
0,0.0010893632655649133
0,0.15478644998368862
0,0.08693435606593589
0,0.17158528105717302
0,0.07649203382214409
0,0.0
0,0.21131903088631981
1,0.04684756163131391
1,0.17842741160322195
0,0.16353697153032848
0,0.0
0,0.0
0,0.1583032652173506
0,0.014512645588422933
0,0.20046439191997453
0,0.03326985857054651
0,0.2135114666172432
0,0.12349567263136525
0,0.10319624905712227
0,0.0038983201889588384
0,0.09486414210922749
0,0.23892790724290638
0,0.05186768120050204
0,0.1396761665525783
0,0.06695401143745591
0,0.07869060641181327
0,0.31851161354074475
0,0.24025950465593265
0,0.07191057227935775
0,0.0921681131904051
0,0.0
0,0.03405426806025702
0,0.10640966813229225
0,0.18759203843536917
0,0.17238313453663784
0,0.0
0,0.2065474096017947
0,0.04668394809336707
0,0.0
0,0.26045771061478823
0,0.27949184951069295
0,0.09956204735109904
0,0.16631904028578523
0,0.1751173813116648
0,0.26936582292183764
0,0.16921027881475875
0,0.0
0,0.3614711623456691
0,0.21984853342200641
0,0.0
0,0.0
0,0.13572201456061256
0,0.01826099424486311
0,0.10949930309984388
0,0.17151102619173952
0,0.0
0,0.0
0,0.11787277018079673
0,0.0
0,0.08191436785985973
0,0.0
0,0.022172591328804364
0,0.16724278365599948
0,0.15088987614701954
0,0.0
0,0.0
0,0.06236455346276882
0,0.14415491955291132
0,0.12077627102888265
0,0.0
0,0.1046736663729905
1,0.2853533206913992
0,0.09077170309635413
0,0.0
0,0.09048005071509632
0,0.36659354568189134
0,0.0
0,0.06445869927435331
0,0.026049685045179835
0,0.0743824438912596
0,0.08913782297306577
0,0.23099579790943867
1,0.07271749296012159
0,0.25158893358180706
0,0.04235165118202762
0,0.007479483903805033
0,0.0
0,0.0
0,0.10136721178887598
0,0.3681000432707764
0,0.12873532159287918
0,0.1630121031242519
0,0.0
0,0.023349991308949394
0,0.20769622324998932
0,0.36130404604347305
0,0.2831921903695229
0,0.1807866944592033
0,0.06527258690857635
0,0.09145783714009853
0,0.0
0,0.0
0,0.0
0,0.06747000517829062
0,0.01620116078599842
0,0.0
0,0.05440149314253958
0,0.012235451330108262
0,0.0
0,0.004473148406989418
0,0.01185704989254837
0,0.0
0,0.19900052471639093
0,0.0
0,0.0
0,0.060492867667363774
0,0.07441907840884589
0,0.12063227040284599
1,0.0
0,0.0
0,0.05890258009575788
1,0.0
0,0.29266071069835414
0,0.01136591251122123
0,0.05202222724243831
0,0.43131272093969136
0,0.030785965990396968
0,0.1434235297798636
0,0.15694641500795295
0,0.1697102465577322
0,0.10342308981168785
0,0.08907611916157644
0,0.07505014347556742
0,0.0
0,0.10882782042589026
0,0.3642968756136888
1,0.2416022863445336
0,0.10558770333369549
0,0.18837446971589852
0,0.0
0,0.020923176870042186
0,0.2021774766276083
0,0.28307507901872875
0,0.0
0,0.0
0,0.3872063690817804
0,0.07443918746534586
0,0.3335042959050568
0,0.09102859759136886
0,0.09692704234881527
0,0.014176366851015379
0,0.2013832712265343
0,0.26366663254559997
0,0.0
0,0.007132417166934489
0,0.19726177865613306
1,0.04056770433235081
0,0.0
0,0.21143132308041027
0,0.22551798070687665
0,0.0
0,0.09185497919819184
0,0.0
0,0.0
0,0.078624784820007
0,0.06471101813697652
0,0.0
1,0.0
0,0.0
0,0.1282589785369816
0,0.0
0,0.0
0,0.0
0,0.12285309057869709
1,0.0
1,0.06475937978033104
0,0.3059286023621135
0,0.31101509719063525
0,0.0
0,0.10476144024464334
0,0.0
0,0.0
0,0.04297950684148889
0,0.24424367353996881
0,0.1499488311330537
0,0.0
0,0.16575509961150037
0,0.0
0,0.0
0,0.0
0,0.07174810376083968
0,0.02957580545100005
0,0.03877933595701727
0,0.0337920704840792
0,0.06336108614836305
0,0.14101964504373354
0,0.08239965391535742
0,0.017347227509316242
0,0.12026224197071732
0,0.18391853154791457
0,0.0
0,0.05108959039909863
0,0.23428598445698795
0,0.0
0,0.33070532943839154
0,0.0
0,0.00819530831928951
0,0.0
0,0.3881890495304065
0,0.0
0,0.0
0,0.0043876890090121315
0,0.07434042118409254
0,0.010733733164323342
0,0.04006697930664009
0,0.0
0,0.06857397540027409
0,0.06267099322299671
0,0.21578531961185904
0,0.25635914224191025
0,0.03184379079123037
0,0.1824343622510933
0,0.0
0,0.17510135140441566
0,0.0
0,0.0
0,0.03216169826939243
0,0.2700708670796669
0,0.087150830509627
0,0.28447322215175697
0,0.0
0,0.21717766568219848
0,0.0
0,0.09379930072338047
0,0.09250242429891224
0,0.15922376008862588
0,0.09761109298669912
0,0.0
0,0.19204604281388457
0,0.31974848914880916
0,0.0
1,0.0
0,0.1348979352530683
0,0.01032294089217764
0,0.04033457160670552
0,0.14342666335965182
0,0.0
0,0.019672204298449292
0,0.044982072459512044
0,0.28046309069775244
0,0.06451044061703723
0,0.0
0,0.0
0,0.08088448824894018
0,0.0
0,0.0
0,0.15533039864010156
0,0.1626747604302967
0,0.004779519915922008
0,0.10404889367275634
0,0.08821824662932509
0,0.15036290789536283
0,0.1507124855909699
0,0.0
0,0.023925156227640854
0,0.13768562822671998
0,0.0
0,0.065430395888974
0,0.17260499725171163
1,0.07213878498782435
0,0.28618791258523
0,0.22904793784216818
0,0.042215377054284894
0,0.030293074391283203
0,0.0
0,0.011024670466421117
0,0.0
1,0.0931844313000934
0,0.08293060666800026
0,0.16437836340401665
0,0.26950057079222867
1,0.056059585549204746
0,0.40206244678847936
0,0.09486771678298558
0,0.0
0,0.0
0,0.004087994953826696
0,0.1488190726730068
0,0.0
0,0.015303617578590598
0,0.035843957880587
0,0.0
0,0.18171230725195775
0,0.15619820826980335
0,0.23498507026559382
0,0.010346222833320068
0,0.24037913514718529
0,0.0
0,0.0
0,0.0
1,0.061381753894813415
0,0.24035671748666335
0,0.0
0,0.0
0,0.02759730670359936
0,0.1459242185081482
0,0.0
0,0.0
0,0.0
0,0.0
0,0.2366192629402999
0,0.0736389012717715
0,0.0
0,0.24542159590934012
1,0.0
0,0.2729933369223698
0,0.2705410466850151
0,0.0684017439562003
0,0.0
0,0.40342509230186324
0,0.11809140843968192
0,0.011416946291911485
0,0.20341918721625835
0,0.16534541805320208
0,0.25664075248296603
0,0.0
0,0.10777101191615884
0,0.0
0,0.15995015936118512
0,0.056558194555921884
0,0.10215138832302181
0,0.038047541423929465
0,0.022351676911745826
0,0.0
0,0.17856453220263502
0,0.2834556055112156
0,0.0
0,0.1430310757456642
1,0.12482754369903634
0,0.061214671702328805
0,0.0
0,0.0
0,0.0
0,0.0
0,0.27120460948584224
0,0.11515548437695704
0,0.05550584274013173
0,0.0
0,0.0
0,0.05964879177195625
0,0.35557349482259654
0,0.0
0,0.1895697021618657
1,0.0
0,0.06828588889332998
1,0.24220257733393974
0,0.008107255475018373
0,0.0
0,0.27271058311871454
0,0.0668336731670393
0,0.22368076358792444
0,0.0
1,0.2710011313441464
0,0.10104409118019164
0,0.1252181439321988
0,0.0797443967143762
0,0.0
0,0.05974757842575424
0,0.0
0,0.20393190939671782
0,0.029541424939700647
0,0.0
0,0.0
0,0.0
0,0.1526956136330912
0,0.0
0,0.10501286637578502
0,0.08048617762371199
0,0.05029371076353343
0,0.1257607805073554
0,0.08374553056357892
0,0.0
0,0.011456213872726467
0,0.12376547010951465
0,0.3060424216132498
0,0.3129686424873746
0,0.0
0,0.00754120510308403
0,0.0
0,0.28798276126651245
0,0.2119284312222826
0,0.11258818302947621
0,0.0849142291890315
0,0.26709466505242113
0,0.24169877921402083
0,0.23370670449841816
0,0.12850197896733895
0,0.007615755072875617
0,0.1750687248026336
0,0.18240628578826718
0,0.03140437956120603
0,0.007312662174863781
0,0.22999699043373145
0,0.309617416315441
0,0.0
0,0.02049349868280384
0,0.11263996146820468
0,0.1329898496622916
0,0.0
0,0.3425280945516066
1,0.12331428983177567
0,0.13970751127058292
0,0.3238326122267631
0,0.0
0,0.04673521853365831
0,0.0
0,0.03414742916196327
0,0.0
0,0.17217740312897578
0,0.12299951251049883
0,0.018439603944218973
0,0.04493644382732283
0,0.17421996227834857
0,0.0
0,0.09062518011787848
0,0.1649264709688117
0,0.0
0,0.1627407008553029
0,0.0
0,0.04236082742227011
0,0.0
0,0.27468698689350224
0,0.0
0,0.0
0,0.08000282123944734
0,0.0
0,0.0
0,0.13887227987322742
0,0.0
0,0.0
0,0.0
0,0.18033335882327103
0,0.25432025505197275
0,0.22541733709913592
0,0.03700893143066508
0,0.0
0,0.11862795318278377
0,0.280586060883692
0,0.2450685611720352
0,0.12944235146155797
0,0.0
0,0.0
0,0.3500721598118512
1,0.0
0,0.0
0,0.20138273267479262
0,0.0
0,0.0
0,0.2891956768084524
0,0.12915839672177098
0,0.002729825343423281
0,0.0
0,0.36711098457899066
0,0.05633222718800887
0,0.26959920937042414
0,0.194045031691416
0,0.0
0,0.0
0,0.276947234690088
0,0.2793775998929966
0,0.0
0,0.14246703914732883
1,0.04181777929145705
0,0.0
0,0.0992619142075796
0,0.0
0,0.0
0,0.0
0,0.0
0,0.04927822595070136
0,0.0
0,0.29597685433099463
0,0.13399248500911878
0,0.3291844542573082
0,0.03598800463829707
0,0.0
0,0.3237623421739542
0,0.0
0,0.03325619670163129
0,0.1680071115745972
1,0.0
0,0.1666942027190475
0,0.1475020599246904
0,0.25039879770567486
0,0.19350667545152114
0,0.25499675293163565
0,0.043436714923738476
0,0.0
0,0.3764978121125043
0,0.0
0,0.0
0,0.14476920607632468
0,0.30374790722660244
0,0.08843262688712475
0,0.20989555495533088
0,0.0
0,0.0
0,0.0
0,0.17706164373429897
0,0.0
0,0.0
0,0.13710378074421042
0,0.21927365280265942
0,0.03615478376561751
0,0.14552587561627645
0,0.14066822503096382
0,0.027685971083629184
0,0.0
0,0.14473371103269636
0,0.15196435361626237
0,0.1941036604635388
0,0.10680996361183462
0,0.0
0,0.163551024205377
0,0.05979283796574881
0,0.0
0,0.015804624420943165
0,0.0
0,0.19332656682816432
0,0.0
0,0.0
0,0.010684067299245786
0,0.30206262723585
0,0.21814208236392732
0,0.0
0,0.26270206331287294
0,0.26241303254755255
0,0.0
0,0.0
0,0.04916675664791363
0,0.22836366139497327
0,0.2986892954700303
0,0.0
0,0.32279686569944477
0,0.0
0,0.0047924079256068605
0,0.0
0,0.23285055373864544
0,0.25474536989096697
0,0.2031335483150093
0,0.0
1,0.18939285476983828
0,0.13635629528902377
0,0.0
0,0.0
0,0.2156983935031164
0,0.03298510485311332
0,0.0
0,0.028774210693684712
0,0.11460616216698039
0,0.04757233099986794
0,0.0
0,0.3428335355346165
0,0.2106326953481838
0,0.009693382248979907
0,0.015735801614656854
0,0.1139231092069764
0,0.0
0,0.1084014654805453
0,0.0
0,0.0494198674732251
0,0.0
0,0.0
0,0.30685839204273146
0,0.06888388414268312
0,0.09111097281017513
0,0.0
0,0.0
0,0.12918181780565208
0,0.08912043989212574
0,0.0
0,0.09107068749856218
0,0.1149838205324534
0,0.25256429972980493
0,0.0
0,0.0
0,0.0
0,0.0
0,0.17050633166699614
0,0.0
0,0.0
0,0.27386932103658823
0,0.06108186942504522
0,0.19444752242646357
0,0.0
0,0.0
0,0.2755863686767851
0,0.07518230486358798
0,0.07549115433137162
0,0.0
0,0.07511725934253471
0,0.0
0,0.23803056733584751
0,0.4691746064802257
0,0.1325911580497994
0,0.0
0,0.0
0,0.0
0,0.2932292746540704
0,0.0
0,0.004374767747023174
0,0.15829889618687676
1,0.28234346990426884
0,0.0300619618254243
0,0.0
0,0.07074315427660256
0,0.0
0,0.0
0,0.12178201763008104
1,0.08779372767517296
0,0.37974079598378757
0,0.12582732249531442
0,0.2326718322140742
1,0.0
0,0.13877359350454066
0,0.0
0,0.11931798949448368
0,0.16327718971722616
0,0.06748032660022107
0,0.42109885822121895
0,0.2741969653662679
0,0.2365867999243645
1,0.17464292885550203
0,0.3245041226595066
0,0.0
0,0.2655424676985864
0,0.0
0,0.0
0,0.1442088666092502
0,0.24498302482660853
0,0.0
0,0.0
0,0.07462981087519657
1,0.03204509929564289
0,0.1881048091852781
0,0.575389142397678
0,0.12289810627888197
0,0.0
0,0.0
0,0.011211912962159155
0,0.0
0,0.13013246879631346
0,0.127803245367634
0,0.0
0,0.35774325206756746
0,0.0
0,0.04208533981527386
0,0.15587439988347263
0,0.19380823406547426
0,0.25163647823147983
0,0.12427447184898584
0,0.21763690511819953
0,0.0
0,0.1977122940525573
0,0.19570937252345993
0,0.28693300121303034
0,0.0
0,0.0
0,0.1834711454050953
0,0.0
0,0.1338009260682525
0,0.21897066373970506
0,0.0
0,0.0
0,0.0
0,0.0
0,0.0
0,0.0
0,0.0
0,0.019349282266740972
0,0.017534352651581785
0,0.34111978497915846
0,0.0008722285324484699
0,0.11162253242877876
0,0.0
0,0.0
0,0.0
0,0.0
0,0.0
0,0.08755452521401061
0,0.22142604829268778
0,0.0
0,0.0
0,0.0
0,0.020358435879967524
0,0.22136542405607257
0,0.0
0,0.052872454170045505
1,0.2782842594588471
0,0.12868513957618638
0,0.0
0,0.08383729287535878
0,0.0
0,0.12307230191039996
0,0.1373010231109139
0,0.0
0,0.08627241260786606
0,0.04236401130061204
1,0.1417016095758168
0,0.18470205765287
0,0.13161744061869074
0,0.014520996993037147
0,0.19999950312960005
0,0.0
0,0.0
0,0.0
0,0.04947885723942674
0,0.0
0,0.11966317141130262
0,0.0
0,0.0
0,0.13054048587967276
0,0.0
0,0.12138851229192929
1,0.0
0,0.05507875353300036
0,0.14927370096252834
0,0.20291955346729695
0,0.07387386169809107
0,0.0
0,0.0
0,0.1555433044630437
0,0.0
1,0.033290010503969146
0,0.0021173852457787717
0,0.04449573250215531
0,0.0
0,0.0
0,0.13811139239394649
0,0.20461971352329728
0,0.0
0,0.11533892413893243
0,0.2224774372267765
0,0.14938665701434847
0,0.0
0,0.0
0,0.07214671190249838
0,0.0971677588270321
0,0.07437112667338482
0,0.03297980548236515
0,0.0
0,0.12340324369632776
1,0.13062817416202857
0,0.09012331881925079
0,0.0766490467606886
0,0.31188742316191576
0,0.0
1,0.25221526461849836
0,0.0
0,0.2263425859434642
0,0.24500513251208153
0,0.016042319489717613
0,0.30914445810912505
0,0.13035538301191335
0,0.0
0,0.0038765108416186494
0,0.22991434591599771
0,0.19845970528149745
0,0.0
0,0.03911140317142543
0,0.09052844741647677
0,0.0
0,0.41366995850620786
0,0.09504956151079882
0,0.0507281713645426
0,0.2386276566387135
0,0.005217969774174755
0,0.21111414159259845
0,0.0
0,0.0
0,0.21736056275658702
1,0.29552965808845066
0,0.0
0,0.0
0,0.14511696455556886
0,0.0
0,0.0197133123366909
0,0.19146075371057367
0,0.0
0,0.0
0,0.0
1,0.06149333785804213
0,0.0
0,0.015425937405401907
0,0.0
0,0.30599085102983975
0,0.3847713892148509
0,0.0
0,0.0985138020056877
0,0.0
1,0.01360265969182331
0,0.33052039919337084
0,0.0
1,0.017094380664432952
0,0.0
0,0.2319284066497295
0,0.0
0,0.0
0,0.05311708587968119
0,0.0
0,0.1895318261596751
0,0.24030409259557112
0,0.0
1,0.37402299806562067
1,0.0
0,0.25329460225137623
0,0.08247415478035414
0,0.0
0,0.0
0,0.054973081400952924
0,0.09126267927956727
0,0.0
0,0.024909006348241447
0,0.0
0,0.0
0,0.0
0,0.0
0,0.0
0,0.12487123582026231
0,0.07810655312669434
1,0.3561517164990976
0,0.0
0,0.1304011449321283
0,0.06096303577865282
0,0.18235055135579503
0,0.16746978064656132
0,0.035251237479723446
0,0.08589769272851333
0,0.0
0,0.15205199690316812
0,0.0
0,0.1765239657973976
0,0.05652398336458349
0,0.0
0,0.025120020082991065
0,0.036120564811742875
0,0.2545955640720752
0,0.5450240494872769
0,0.24298062362255732
0,0.0
0,0.15446727364279184
0,0.1609993749086226
0,0.0
0,0.0
0,0.05050786066248171
0,0.18115614040521522
1,0.0
0,0.0
0,0.14589775634856095
0,0.06625854199058702
0,0.2724410430898493
0,0.0
0,0.4128247400174183
0,0.0
0,0.0
0,0.05116308307540396
0,0.0
0,0.054186650393268136
0,0.0489409681568
0,0.030633868183885315
0,0.0
0,0.12489842288695364
0,0.012399432784924565
0,0.22554973061321454
0,0.03294416212075399
0,0.0
0,0.0
0,0.03418358528274429
0,0.0
1,0.0
0,0.13911859637204804
0,0.0
0,0.2718290067499368
0,0.08395745765933102
0,0.05342360534625582
0,0.0
0,0.1746558444514407
0,0.059564259960390706
1,0.0
0,0.08997370449773834
0,0.0
0,0.0
0,0.0
0,0.11242909014145708
1,0.05951125172908026
1,0.2173468898333629
0,0.0
0,0.14620017607220126
0,0.04291941714070783
0,0.0
0,0.11779615060693784
0,0.050098221263215115
0,0.0
0,0.06629986307161374
0,0.0405704421093912
0,0.036946789722374626
1,0.0
0,0.0
0,0.07121481238423084
0,0.0
0,0.0
0,0.023895023384608943
0,0.17010398162582674
0,0.08784202615364717
0,0.0
0,0.0
0,0.1553719893283152
1,0.0
0,0.17960474837992207
0,0.0
0,0.0
0,0.0
0,0.38551862143962673
0,0.31161290400214
0,0.16597316336957035
0,0.11348135674431749
1,0.0
0,0.08351372443210482
0,0.0
0,0.0
0,0.08322046349619888
0,0.0
0,0.19039493189532758
0,0.0
0,0.07125171335189731
1,0.0
0,0.0
0,0.10569396292188622
0,0.0
0,0.08463482089686973
0,0.028149269218610322
0,0.0
0,0.0
0,0.03681721632196108
0,0.0
0,0.06106417129884171
0,0.018273506750088646
0,0.0
0,0.2984763350854475
0,0.12228598838424314
1,0.0025931651065568342
0,0.08187906462370631
0,0.0
0,0.0
0,0.01198838243426286
0,0.0
0,0.11810310719916269
0,0.0
0,0.006679999882889427
0,0.0
0,0.5038635885964649
0,0.0
0,0.0
0,0.0
0,0.1738953934043152
0,0.2604679037524695
0,0.0
0,0.2518424504453196
0,0.17123849997638163
0,0.03157798035208666
0,0.02093305743441968
0,0.08713053396234799
0,0.19161837332304615
0,0.11959418483925333
0,0.0
0,0.03386894294605339
0,0.3571895182082886
1,0.0976820695944288
0,0.19039881403239228
0,0.14098274808738484
0,0.1010036615996554
0,0.07630483500226035
0,0.1946085937987469
0,0.16779633529660248
0,0.09958402170173228
0,0.0
0,0.11783382083227079
0,0.04994880952978748
0,0.013761613298238613
0,0.46181639624491017
0,0.0
0,0.20377692885862242
0,0.0
0,0.0796793234015094
0,0.4452881278635277
0,0.0
0,0.0
0,0.05737293942725995
0,0.0
0,0.19260845264104515
0,0.0
0,0.15810144602240053
0,0.0
0,0.0
0,0.02565225315704258
0,0.0
0,0.28774033691481754
0,0.0
0,0.0
0,0.12204298282119153
0,0.0
0,0.0
0,0.3659946240107939
0,0.0
0,0.03056132887551762
0,0.028621121984095457
0,0.16654637279498669
1,0.12935286910065882
1,0.0
0,0.011125917383503985
0,0.025961634968727637
0,0.1723439247297843
0,0.0
0,0.3627165835133673
0,0.0
0,0.05868759048651101
0,0.0
0,0.0
0,0.0
1,0.0
0,0.0
0,0.0
0,0.16433286319413148
0,0.0
0,0.0
1,0.0010546703824096948
0,0.20892583180444416
0,0.09223142604155987
0,0.04504657051687952
0,0.0
0,0.0
0,0.0
0,0.256027683550852
0,0.13958446846974715
1,0.0
0,0.0
0,0.0
0,0.0
0,0.12904515468242708
0,0.01686956688235302
0,0.3721751616446195
0,0.24755397367754972
0,0.25642205107000837
0,0.16070354624221894
0,0.0
0,0.14966863267943759
0,0.007675095820701305
0,0.3045414076092544
0,0.12064190745748808
0,0.09935405379045227
0,0.07906089936442635
0,0.3210399641041287
0,0.0
0,0.3357431741503089
0,0.03207692888187935
0,0.0
0,0.0
0,0.0
0,0.15804851183784602
0,0.0
0,0.08530014993070502
0,0.23013255452487713
0,0.0
0,0.019784446046341157
0,0.0
0,0.0017464336573203565
0,0.4461035437910058
0,0.17668997461656627
0,0.02029043716595927
0,0.0
0,0.05360499065153499
0,0.07950761282904592
0,0.0
0,0.13950887936566939
0,0.0
0,0.0
0,0.11552931855753068
0,0.0
0,0.16935258792938096
0,0.05785790814045998
0,0.0
0,0.07642486883414201
0,0.0
0,0.1640043014483492
0,0.022692850612410588
0,0.3376626324760229
0,0.22069692665589105
0,0.0
0,0.0
0,0.0
0,0.0
0,0.3338607130315641
0,0.058452801107977286
0,0.200012820627475
0,0.017245363117412114
0,0.03304987675790316
0,0.055105946623663755
0,0.22598089778886696
0,0.10674371335118979
0,0.0
0,0.3033771207129626
0,0.01607767515205303
1,0.0
0,0.0
0,0.15515993867420055
0,0.0751518959492825
0,0.07498884849028531
0,0.0
1,0.0
0,0.004562935975435521
1,0.1294741306690919
0,0.15586766595500257
0,0.025345261743810236
0,0.20234062414751383
0,0.04815387284737835
0,0.0
0,0.08976233623610465
0,0.0
0,0.09490774636188729
0,0.0
0,0.0
0,0.0
0,0.0337324570992749
0,0.30144505534636407
0,0.04243850083778473
0,0.15653780691496907
0,0.4128470845968583
0,0.12060837721801437
0,0.0
0,0.0
0,0.060098731233450935
0,0.0
0,0.0
0,0.20778808638892346
0,0.21392344211583184
0,0.0
0,0.0
0,0.0
0,0.14986334192478779
1,0.23146133827584844
0,0.46529519014108256
0,0.0
0,0.0
0,0.14828550234565713
0,0.0
0,0.03885572077642244
0,0.0
0,0.0
1,0.07848498452273185
0,0.032645856104581455
0,0.2506846575385349
0,0.06082356113045322
0,0.0
0,0.021285169053071498
0,0.0
0,0.0
0,0.15532589522294965
0,0.022898934006950512
0,0.19837623592470985
0,0.0
0,0.02363079040143705
0,0.0
0,0.2033772873919809
0,0.1609144152249934
0,0.15633782251324468
0,0.2912115057126152
0,0.004786933607015063
0,0.26026212529510784
0,0.0
0,0.0
0,0.1729119857247508
0,0.0
0,0.14591484426284368
0,0.07519697905819892
0,0.2207779092982309
0,0.05108340525676658
0,0.06840734194432907
0,0.1363897489387359
0,0.0
0,0.0
0,0.1311644159765129
0,0.05560682863040438
0,0.0
0,0.04758238504534987
0,0.29918392617574946
0,0.0
0,0.0
0,0.0
0,0.05364705927643275
0,0.1585325266860588
0,0.1854297173521302
0,0.07623264024457989
0,0.2033750359621325
0,0.16968456028203627
0,0.22694253445383938
0,0.20764539832163426
0,0.2954967294160877
0,0.034546025015062556
0,0.0
0,0.159557811552813
0,0.17708297839841644
0,0.2954993090071709
0,0.2521935534254559
0,0.3518208683796848
1,0.15297809704897997
0,0.09432158879079422
0,0.0
0,0.10621448017711205
0,0.0
0,0.09172650201487063
0,0.0681769779464484
0,0.13076003832752026
1,0.0454003935692234
0,0.2002530286098877
0,0.0
0,0.08849903627367667
0,0.24037346687288427
0,0.3405072762684322
0,0.16979420075775942
0,0.3127324533873808
0,0.08534039936381135
0,0.06042938638905946
0,0.13941234648416273
0,0.059520857566340235
0,0.0
0,0.0
0,0.0
0,0.1392565642297867
0,0.06170877187507159
0,0.005957082486285369
0,0.0
0,0.13575845192994396
0,0.17706722709151052
0,0.0
0,0.0
0,0.20317649334315224
0,0.0
0,0.14212302507337266
0,0.302536379813102
1,0.30288522050897015
0,0.17068088859481373
1,0.16632142729831811
0,0.39778611752946824
0,0.0
0,0.0
0,0.1872737773614902
0,0.009406948823706442
0,0.2459667462910552
0,0.0540968909534711
0,0.07976157905063963
0,0.018798800363109346
0,0.0
0,0.0
0,0.10067494452551644
0,0.0
0,0.2029807325236931
0,0.1579838886904235
0,0.22491246614547605
1,0.0
0,0.0
0,0.05937213665523547
0,0.4948200920339281
0,0.2499313167141856
0,0.0
0,0.12367682016470115
0,0.16913803611655254
0,0.0
0,0.26544388035519073
0,0.034886380976858894
1,0.04639787330882095
0,0.06356769891507834
0,0.23168102089618423
0,0.0
0,0.0
0,0.10844329393500668
0,0.0
0,0.014834460729668986
0,0.23803114347882273
0,0.14686408552631075
0,0.2163534098587914
0,0.15305270478042432
0,0.4215501733175112
1,0.0
0,0.11971975155124849
0,0.0
0,0.20352019048723063
0,0.0507637685924256
0,0.31782673191660676
0,0.0
0,0.27106897885754766
0,0.14897092958159563
0,0.05513083963695291
0,0.14136635067898864
0,0.09918965812937883
0,0.1133932020377715
0,0.028969339035841365
0,0.0
0,0.00973933200562041
0,0.0
0,0.18629224987989382
0,0.0
0,0.02735294171464505
0,0.15720675622215496
0,0.18590950756498667
1,0.0
0,0.04622278871623833
0,0.1289617049173233
0,0.06780241638934902
0,0.2616112436510317
0,0.0
0,0.0
0,0.18154890251527817
0,0.0
0,0.0
0,0.03622314141502893
0,0.2445836963897552
0,0.0
0,0.4103993930920901
0,0.0
0,0.07305162811886248
0,0.0
0,0.06624155230440212
0,0.03993782673619846
0,0.0
0,0.48387404534263645
1,0.0
0,0.0
0,0.20535538190304817
0,0.3321382325022703
0,0.22896553020064542
0,0.0
0,0.09208635142419941
0,0.0
0,0.19525576219835347
0,0.0
0,0.0
0,0.0595197743953034
0,0.12675098417115183
0,0.020859806490702133
0,0.28786255150993223
0,0.1684859373288419
0,0.1567087131096313
0,0.0
0,0.3149051846318104
0,0.0
0,0.3206313649480641
0,0.3633292585388357
0,0.13689847985456627
0,0.21480196465191312
0,0.0
0,0.03074963767644339
0,0.22532484598793093
0,0.19867654024711268
0,0.0
0,0.015941694019818937
0,0.0
0,0.12194892602591301
0,0.0
0,0.22957167641813575
0,0.23740872910761135
0,0.0
0,0.13819138956811328
0,0.02743519139092372
0,0.09628625925222992
0,0.0
0,0.1533738934859864
0,0.0
0,0.0
0,0.04171075249995122
0,0.028313508058308075
0,0.10084525958276255
0,0.0
0,0.3428537498678384
0,0.0840907484069163
0,0.09493226677743381
0,0.08958508161105684
0,0.21043648034221168
0,0.14640261217266964
0,0.1263026849562419
0,0.17039761572983864
0,0.0
0,0.0
0,0.04859118820478342
0,0.03034891759771468
0,0.1469714766072312
0,0.0630025353275258
0,0.14727974016813158
0,0.0
0,0.05838831443869579
0,0.0
0,0.11802869015571013
0,0.0
0,0.11224651478113194
0,0.0
0,0.002470831016730679
0,0.19423915371738734
0,0.09410699828976261
0,0.0
0,0.0
0,0.0
0,0.0
0,0.07764947642009615
0,0.14404475153401547
0,0.12609088810735342
0,0.15039402223196263
0,0.05821337236712723
0,0.018991467187504836
0,0.0
1,0.0
0,0.0
0,0.0
0,0.07333903056570627
0,0.04232908686886165
0,0.5197092056842163
0,0.0
0,0.04123519187523269
0,0.0
0,0.0018321186045073684
0,0.007936022682722317
0,0.18673200393497072
0,0.0
0,0.03130205999157616
0,0.0
0,0.0
0,0.0
0,0.0027094927374273423
0,0.07107388251095768
0,0.14384209308372375
0,0.02481052354334562
0,0.022173560402797977
0,0.0
0,0.14096017758845267
1,0.0
0,0.17206848573446631
0,0.2574659921781294
1,0.03181274599604922
0,0.0
0,0.05749520803705528
0,0.11230529970279576
0,0.012671999812991865
0,0.0
0,0.14452983160461202
0,0.13463674120412927
0,0.008056553950926346
0,0.0
0,0.12845672780691786
0,0.0
0,0.09215116130554635
0,0.08267358475185554
0,0.0
0,0.07216225266173601
0,0.13717987880616833
0,0.15557286229657302
0,0.0776048626644469
0,0.0
0,0.2515621593279956
0,0.12165340013138706
1,0.0
0,0.0
0,0.0946836313941781
0,0.16196762899473835
0,0.0
0,0.18382881110686122
0,0.0
0,0.0
0,0.0
0,0.0
